Estados,Fechas,Confirmados,Defunciones
Aguascalientes,2020-01-23,0,0
Aguascalientes,2020-01-24,0,0
Aguascalientes,2020-01-25,0,0
Aguascalientes,2020-01-26,0,0
Aguascalientes,2020-01-27,0,0
Aguascalientes,2020-01-28,0,0
Aguascalientes,2020-01-29,0,0
Aguascalientes,2020-01-30,0,0
Aguascalientes,2020-01-31,0,0
Aguascalientes,2020-02-01,0,0
Aguascalientes,2020-02-02,0,0
Aguascalientes,2020-02-03,0,0
Aguascalientes,2020-02-04,0,0
Aguascalientes,2020-02-05,0,0
Aguascalientes,2020-02-06,0,0
Aguascalientes,2020-02-07,0,0
Aguascalientes,2020-02-08,0,0
Aguascalientes,2020-02-09,0,0
Aguascalientes,2020-02-10,0,0
Aguascalientes,2020-02-11,0,0
Aguascalientes,2020-02-12,0,0
Aguascalientes,2020-02-13,0,0
Aguascalientes,2020-02-14,0,0
Aguascalientes,2020-02-15,0,0
Aguascalientes,2020-02-16,0,0
Aguascalientes,2020-02-17,0,0
Aguascalientes,2020-02-18,0,0
Aguascalientes,2020-02-19,0,0
Aguascalientes,2020-02-20,0,0
Aguascalientes,2020-02-21,0,0
Aguascalientes,2020-02-22,0,0
Aguascalientes,2020-02-23,0,0
Aguascalientes,2020-02-24,0,0
Aguascalientes,2020-02-25,0,0
Aguascalientes,2020-02-26,0,0
Aguascalientes,2020-02-27,0,0
Aguascalientes,2020-02-28,0,0
Aguascalientes,2020-02-29,0,0
Aguascalientes,2020-03-01,0,0
Aguascalientes,2020-03-02,0,0
Aguascalientes,2020-03-03,0,0
Aguascalientes,2020-03-04,0,0
Aguascalientes,2020-03-05,0,0
Aguascalientes,2020-03-06,0,0
Aguascalientes,2020-03-07,0,0
Aguascalientes,2020-03-08,0,0
Aguascalientes,2020-03-09,0,0
Aguascalientes,2020-03-10,0,0
Aguascalientes,2020-03-11,0,0
Aguascalientes,2020-03-12,0,0
Aguascalientes,2020-03-13,0,0
Aguascalientes,2020-03-14,0,0
Aguascalientes,2020-03-15,1,0
Aguascalientes,2020-03-16,1,0
Aguascalientes,2020-03-17,1,0
Aguascalientes,2020-03-18,1,0
Aguascalientes,2020-03-19,4,0
Aguascalientes,2020-03-20,4,0
Aguascalientes,2020-03-21,4,0
Aguascalientes,2020-03-22,4,0
Aguascalientes,2020-03-23,6,0
Aguascalientes,2020-03-24,6,0
Aguascalientes,2020-03-25,12,0
Aguascalientes,2020-03-26,13,0
Aguascalientes,2020-03-27,19,0
Aguascalientes,2020-03-28,19,0
Aguascalientes,2020-03-29,24,0
Aguascalientes,2020-03-30,24,0
Aguascalientes,2020-03-31,36,0
Aguascalientes,2020-04-01,36,0
Aguascalientes,2020-04-02,47,0
Aguascalientes,2020-04-03,48,0
Aguascalientes,2020-04-04,49,0
Aguascalientes,2020-04-05,49,0
Aguascalientes,2020-04-06,49,0
Aguascalientes,2020-04-07,53,0
Aguascalientes,2020-04-08,53,0
Aguascalientes,2020-04-09,53,0
Aguascalientes,2020-04-10,53,0
Aguascalientes,2020-04-11,55,1
Aguascalientes,2020-04-12,55,1
Aguascalientes,2020-04-13,55,1
Aguascalientes,2020-04-14,65,1
Aguascalientes,2020-04-15,65,1
Aguascalientes,2020-04-16,71,2
Baja California,2020-01-23,0,0
Baja California,2020-01-24,0,0
Baja California,2020-01-25,0,0
Baja California,2020-01-26,0,0
Baja California,2020-01-27,0,0
Baja California,2020-01-28,0,0
Baja California,2020-01-29,0,0
Baja California,2020-01-30,0,0
Baja California,2020-01-31,0,0
Baja California,2020-02-01,0,0
Baja California,2020-02-02,0,0
Baja California,2020-02-03,0,0
Baja California,2020-02-04,0,0
Baja California,2020-02-05,0,0
Baja California,2020-02-06,0,0
Baja California,2020-02-07,0,0
Baja California,2020-02-08,0,0
Baja California,2020-02-09,0,0
Baja California,2020-02-10,0,0
Baja California,2020-02-11,0,0
Baja California,2020-02-12,0,0
Baja California,2020-02-13,0,0
Baja California,2020-02-14,0,0
Baja California,2020-02-15,0,0
Baja California,2020-02-16,0,0
Baja California,2020-02-17,0,0
Baja California,2020-02-18,0,0
Baja California,2020-02-19,0,0
Baja California,2020-02-20,0,0
Baja California,2020-02-21,0,0
Baja California,2020-02-22,0,0
Baja California,2020-02-23,0,0
Baja California,2020-02-24,0,0
Baja California,2020-02-25,0,0
Baja California,2020-02-26,0,0
Baja California,2020-02-27,0,0
Baja California,2020-02-28,0,0
Baja California,2020-02-29,0,0
Baja California,2020-03-01,0,0
Baja California,2020-03-02,0,0
Baja California,2020-03-03,0,0
Baja California,2020-03-04,0,0
Baja California,2020-03-05,0,0
Baja California,2020-03-06,0,0
Baja California,2020-03-07,0,0
Baja California,2020-03-08,0,0
Baja California,2020-03-09,0,0
Baja California,2020-03-10,0,0
Baja California,2020-03-11,0,0
Baja California,2020-03-12,0,0
Baja California,2020-03-13,0,0
Baja California,2020-03-14,0,0
Baja California,2020-03-15,0,0
Baja California,2020-03-16,0,0
Baja California,2020-03-17,0,0
Baja California,2020-03-18,2,0
Baja California,2020-03-19,2,0
Baja California,2020-03-20,4,0
Baja California,2020-03-21,8,0
Baja California,2020-03-22,11,0
Baja California,2020-03-23,13,0
Baja California,2020-03-24,13,0
Baja California,2020-03-25,14,0
Baja California,2020-03-26,19,0
Baja California,2020-03-27,20,0
Baja California,2020-03-28,20,0
Baja California,2020-03-29,23,0
Baja California,2020-03-30,27,0
Baja California,2020-03-31,35,0
Baja California,2020-04-01,37,0
Baja California,2020-04-02,40,3
Baja California,2020-04-03,52,5
Baja California,2020-04-04,54,5
Baja California,2020-04-05,69,6
Baja California,2020-04-06,111,7
Baja California,2020-04-07,136,7
Baja California,2020-04-08,225,15
Baja California,2020-04-09,239,16
Baja California,2020-04-10,258,17
Baja California,2020-04-11,278,20
Baja California,2020-04-12,335,22
Baja California,2020-04-13,368,25
Baja California,2020-04-14,412,28
Baja California,2020-04-15,464,28
Baja California,2020-04-16,505,31
Baja California Sur,2020-01-23,0,0
Baja California Sur,2020-01-24,0,0
Baja California Sur,2020-01-25,0,0
Baja California Sur,2020-01-26,0,0
Baja California Sur,2020-01-27,0,0
Baja California Sur,2020-01-28,0,0
Baja California Sur,2020-01-29,0,0
Baja California Sur,2020-01-30,0,0
Baja California Sur,2020-01-31,0,0
Baja California Sur,2020-02-01,0,0
Baja California Sur,2020-02-02,0,0
Baja California Sur,2020-02-03,0,0
Baja California Sur,2020-02-04,0,0
Baja California Sur,2020-02-05,0,0
Baja California Sur,2020-02-06,0,0
Baja California Sur,2020-02-07,0,0
Baja California Sur,2020-02-08,0,0
Baja California Sur,2020-02-09,0,0
Baja California Sur,2020-02-10,0,0
Baja California Sur,2020-02-11,0,0
Baja California Sur,2020-02-12,0,0
Baja California Sur,2020-02-13,0,0
Baja California Sur,2020-02-14,0,0
Baja California Sur,2020-02-15,0,0
Baja California Sur,2020-02-16,0,0
Baja California Sur,2020-02-17,0,0
Baja California Sur,2020-02-18,0,0
Baja California Sur,2020-02-19,0,0
Baja California Sur,2020-02-20,0,0
Baja California Sur,2020-02-21,0,0
Baja California Sur,2020-02-22,0,0
Baja California Sur,2020-02-23,0,0
Baja California Sur,2020-02-24,0,0
Baja California Sur,2020-02-25,0,0
Baja California Sur,2020-02-26,0,0
Baja California Sur,2020-02-27,0,0
Baja California Sur,2020-02-28,0,0
Baja California Sur,2020-02-29,0,0
Baja California Sur,2020-03-01,0,0
Baja California Sur,2020-03-02,0,0
Baja California Sur,2020-03-03,0,0
Baja California Sur,2020-03-04,0,0
Baja California Sur,2020-03-05,0,0
Baja California Sur,2020-03-06,0,0
Baja California Sur,2020-03-07,0,0
Baja California Sur,2020-03-08,0,0
Baja California Sur,2020-03-09,0,0
Baja California Sur,2020-03-10,0,0
Baja California Sur,2020-03-11,0,0
Baja California Sur,2020-03-12,0,0
Baja California Sur,2020-03-13,0,0
Baja California Sur,2020-03-14,0,0
Baja California Sur,2020-03-15,0,0
Baja California Sur,2020-03-16,0,0
Baja California Sur,2020-03-17,0,0
Baja California Sur,2020-03-18,0,0
Baja California Sur,2020-03-19,0,0
Baja California Sur,2020-03-20,0,0
Baja California Sur,2020-03-21,1,0
Baja California Sur,2020-03-22,1,0
Baja California Sur,2020-03-23,2,0
Baja California Sur,2020-03-24,2,0
Baja California Sur,2020-03-25,5,0
Baja California Sur,2020-03-26,7,0
Baja California Sur,2020-03-27,9,0
Baja California Sur,2020-03-28,9,0
Baja California Sur,2020-03-29,11,0
Baja California Sur,2020-03-30,13,0
Baja California Sur,2020-03-31,17,0
Baja California Sur,2020-04-01,18,2
Baja California Sur,2020-04-02,19,2
Baja California Sur,2020-04-03,21,2
Baja California Sur,2020-04-04,27,2
Baja California Sur,2020-04-05,28,2
Baja California Sur,2020-04-06,54,2
Baja California Sur,2020-04-07,56,2
Baja California Sur,2020-04-08,68,2
Baja California Sur,2020-04-09,68,2
Baja California Sur,2020-04-10,85,2
Baja California Sur,2020-04-11,102,2
Baja California Sur,2020-04-12,120,2
Baja California Sur,2020-04-13,153,3
Baja California Sur,2020-04-14,164,5
Baja California Sur,2020-04-15,165,6
Baja California Sur,2020-04-16,166,6
Campeche,2020-01-23,0,0
Campeche,2020-01-24,0,0
Campeche,2020-01-25,0,0
Campeche,2020-01-26,0,0
Campeche,2020-01-27,0,0
Campeche,2020-01-28,0,0
Campeche,2020-01-29,0,0
Campeche,2020-01-30,0,0
Campeche,2020-01-31,0,0
Campeche,2020-02-01,0,0
Campeche,2020-02-02,0,0
Campeche,2020-02-03,0,0
Campeche,2020-02-04,0,0
Campeche,2020-02-05,0,0
Campeche,2020-02-06,0,0
Campeche,2020-02-07,0,0
Campeche,2020-02-08,0,0
Campeche,2020-02-09,0,0
Campeche,2020-02-10,0,0
Campeche,2020-02-11,0,0
Campeche,2020-02-12,0,0
Campeche,2020-02-13,0,0
Campeche,2020-02-14,0,0
Campeche,2020-02-15,0,0
Campeche,2020-02-16,0,0
Campeche,2020-02-17,0,0
Campeche,2020-02-18,0,0
Campeche,2020-02-19,0,0
Campeche,2020-02-20,0,0
Campeche,2020-02-21,0,0
Campeche,2020-02-22,0,0
Campeche,2020-02-23,0,0
Campeche,2020-02-24,0,0
Campeche,2020-02-25,0,0
Campeche,2020-02-26,0,0
Campeche,2020-02-27,0,0
Campeche,2020-02-28,0,0
Campeche,2020-02-29,0,0
Campeche,2020-03-01,0,0
Campeche,2020-03-02,0,0
Campeche,2020-03-03,0,0
Campeche,2020-03-04,0,0
Campeche,2020-03-05,0,0
Campeche,2020-03-06,0,0
Campeche,2020-03-07,0,0
Campeche,2020-03-08,0,0
Campeche,2020-03-09,0,0
Campeche,2020-03-10,0,0
Campeche,2020-03-11,0,0
Campeche,2020-03-12,0,0
Campeche,2020-03-13,0,0
Campeche,2020-03-14,0,0
Campeche,2020-03-15,0,0
Campeche,2020-03-16,0,0
Campeche,2020-03-17,0,0
Campeche,2020-03-18,0,0
Campeche,2020-03-19,0,0
Campeche,2020-03-20,0,0
Campeche,2020-03-21,0,0
Campeche,2020-03-22,1,0
Campeche,2020-03-23,2,0
Campeche,2020-03-24,2,0
Campeche,2020-03-25,2,0
Campeche,2020-03-26,2,0
Campeche,2020-03-27,2,0
Campeche,2020-03-28,3,0
Campeche,2020-03-29,3,0
Campeche,2020-03-30,3,0
Campeche,2020-03-31,5,0
Campeche,2020-04-01,5,0
Campeche,2020-04-02,5,0
Campeche,2020-04-03,6,0
Campeche,2020-04-04,8,0
Campeche,2020-04-05,8,0
Campeche,2020-04-06,9,0
Campeche,2020-04-07,14,1
Campeche,2020-04-08,14,1
Campeche,2020-04-09,14,1
Campeche,2020-04-10,15,1
Campeche,2020-04-11,18,1
Campeche,2020-04-12,19,1
Campeche,2020-04-13,29,2
Campeche,2020-04-14,33,2
Campeche,2020-04-15,43,2
Campeche,2020-04-16,45,3
Coahuila,2020-01-23,0,0
Coahuila,2020-01-24,0,0
Coahuila,2020-01-25,0,0
Coahuila,2020-01-26,0,0
Coahuila,2020-01-27,0,0
Coahuila,2020-01-28,0,0
Coahuila,2020-01-29,0,0
Coahuila,2020-01-30,0,0
Coahuila,2020-01-31,0,0
Coahuila,2020-02-01,0,0
Coahuila,2020-02-02,0,0
Coahuila,2020-02-03,0,0
Coahuila,2020-02-04,0,0
Coahuila,2020-02-05,0,0
Coahuila,2020-02-06,0,0
Coahuila,2020-02-07,0,0
Coahuila,2020-02-08,0,0
Coahuila,2020-02-09,0,0
Coahuila,2020-02-10,0,0
Coahuila,2020-02-11,0,0
Coahuila,2020-02-12,0,0
Coahuila,2020-02-13,0,0
Coahuila,2020-02-14,0,0
Coahuila,2020-02-15,0,0
Coahuila,2020-02-16,0,0
Coahuila,2020-02-17,0,0
Coahuila,2020-02-18,0,0
Coahuila,2020-02-19,0,0
Coahuila,2020-02-20,0,0
Coahuila,2020-02-21,0,0
Coahuila,2020-02-22,0,0
Coahuila,2020-02-23,0,0
Coahuila,2020-02-24,0,0
Coahuila,2020-02-25,0,0
Coahuila,2020-02-26,0,0
Coahuila,2020-02-27,0,0
Coahuila,2020-02-28,0,0
Coahuila,2020-02-29,1,0
Coahuila,2020-03-01,1,0
Coahuila,2020-03-02,1,0
Coahuila,2020-03-03,1,0
Coahuila,2020-03-04,1,0
Coahuila,2020-03-05,1,0
Coahuila,2020-03-06,1,0
Coahuila,2020-03-07,1,0
Coahuila,2020-03-08,1,0
Coahuila,2020-03-09,1,0
Coahuila,2020-03-10,1,0
Coahuila,2020-03-11,1,0
Coahuila,2020-03-12,1,0
Coahuila,2020-03-13,1,0
Coahuila,2020-03-14,1,0
Coahuila,2020-03-15,1,0
Coahuila,2020-03-16,1,0
Coahuila,2020-03-17,1,0
Coahuila,2020-03-18,1,0
Coahuila,2020-03-19,1,0
Coahuila,2020-03-20,1,0
Coahuila,2020-03-21,3,0
Coahuila,2020-03-22,10,0
Coahuila,2020-03-23,12,0
Coahuila,2020-03-24,12,0
Coahuila,2020-03-25,12,0
Coahuila,2020-03-26,13,0
Coahuila,2020-03-27,14,0
Coahuila,2020-03-28,15,0
Coahuila,2020-03-29,32,1
Coahuila,2020-03-30,39,1
Coahuila,2020-03-31,44,1
Coahuila,2020-04-01,57,2
Coahuila,2020-04-02,62,2
Coahuila,2020-04-03,70,3
Coahuila,2020-04-04,72,4
Coahuila,2020-04-05,82,4
Coahuila,2020-04-06,102,5
Coahuila,2020-04-07,109,5
Coahuila,2020-04-08,122,7
Coahuila,2020-04-09,129,7
Coahuila,2020-04-10,143,7
Coahuila,2020-04-11,156,11
Coahuila,2020-04-12,157,11
Coahuila,2020-04-13,176,12
Coahuila,2020-04-14,194,12
Coahuila,2020-04-15,195,12
Coahuila,2020-04-16,214,15
Colima,2020-01-23,0,0
Colima,2020-01-24,0,0
Colima,2020-01-25,0,0
Colima,2020-01-26,0,0
Colima,2020-01-27,0,0
Colima,2020-01-28,0,0
Colima,2020-01-29,0,0
Colima,2020-01-30,0,0
Colima,2020-01-31,0,0
Colima,2020-02-01,0,0
Colima,2020-02-02,0,0
Colima,2020-02-03,0,0
Colima,2020-02-04,0,0
Colima,2020-02-05,0,0
Colima,2020-02-06,0,0
Colima,2020-02-07,0,0
Colima,2020-02-08,0,0
Colima,2020-02-09,0,0
Colima,2020-02-10,0,0
Colima,2020-02-11,0,0
Colima,2020-02-12,0,0
Colima,2020-02-13,0,0
Colima,2020-02-14,0,0
Colima,2020-02-15,0,0
Colima,2020-02-16,0,0
Colima,2020-02-17,0,0
Colima,2020-02-18,0,0
Colima,2020-02-19,0,0
Colima,2020-02-20,0,0
Colima,2020-02-21,0,0
Colima,2020-02-22,0,0
Colima,2020-02-23,0,0
Colima,2020-02-24,0,0
Colima,2020-02-25,0,0
Colima,2020-02-26,0,0
Colima,2020-02-27,0,0
Colima,2020-02-28,0,0
Colima,2020-02-29,0,0
Colima,2020-03-01,0,0
Colima,2020-03-02,0,0
Colima,2020-03-03,0,0
Colima,2020-03-04,0,0
Colima,2020-03-05,0,0
Colima,2020-03-06,0,0
Colima,2020-03-07,0,0
Colima,2020-03-08,0,0
Colima,2020-03-09,0,0
Colima,2020-03-10,0,0
Colima,2020-03-11,0,0
Colima,2020-03-12,0,0
Colima,2020-03-13,0,0
Colima,2020-03-14,0,0
Colima,2020-03-15,0,0
Colima,2020-03-16,0,0
Colima,2020-03-17,0,0
Colima,2020-03-18,1,0
Colima,2020-03-19,1,0
Colima,2020-03-20,1,0
Colima,2020-03-21,2,0
Colima,2020-03-22,2,0
Colima,2020-03-23,2,0
Colima,2020-03-24,2,0
Colima,2020-03-25,2,0
Colima,2020-03-26,2,0
Colima,2020-03-27,2,0
Colima,2020-03-28,2,0
Colima,2020-03-29,2,0
Colima,2020-03-30,2,0
Colima,2020-03-31,2,0
Colima,2020-04-01,3,0
Colima,2020-04-02,3,0
Colima,2020-04-03,4,0
Colima,2020-04-04,4,0
Colima,2020-04-05,4,0
Colima,2020-04-06,4,0
Colima,2020-04-07,5,0
Colima,2020-04-08,7,0
Colima,2020-04-09,7,0
Colima,2020-04-10,7,0
Colima,2020-04-11,7,0
Colima,2020-04-12,7,0
Colima,2020-04-13,7,0
Colima,2020-04-14,7,0
Colima,2020-04-15,7,0
Colima,2020-04-16,7,0
Chiapas,2020-01-23,0,0
Chiapas,2020-01-24,0,0
Chiapas,2020-01-25,0,0
Chiapas,2020-01-26,0,0
Chiapas,2020-01-27,0,0
Chiapas,2020-01-28,0,0
Chiapas,2020-01-29,0,0
Chiapas,2020-01-30,0,0
Chiapas,2020-01-31,0,0
Chiapas,2020-02-01,0,0
Chiapas,2020-02-02,0,0
Chiapas,2020-02-03,0,0
Chiapas,2020-02-04,0,0
Chiapas,2020-02-05,0,0
Chiapas,2020-02-06,0,0
Chiapas,2020-02-07,0,0
Chiapas,2020-02-08,0,0
Chiapas,2020-02-09,0,0
Chiapas,2020-02-10,0,0
Chiapas,2020-02-11,0,0
Chiapas,2020-02-12,0,0
Chiapas,2020-02-13,0,0
Chiapas,2020-02-14,0,0
Chiapas,2020-02-15,0,0
Chiapas,2020-02-16,0,0
Chiapas,2020-02-17,0,0
Chiapas,2020-02-18,0,0
Chiapas,2020-02-19,0,0
Chiapas,2020-02-20,0,0
Chiapas,2020-02-21,0,0
Chiapas,2020-02-22,0,0
Chiapas,2020-02-23,0,0
Chiapas,2020-02-24,0,0
Chiapas,2020-02-25,0,0
Chiapas,2020-02-26,0,0
Chiapas,2020-02-27,0,0
Chiapas,2020-02-28,0,0
Chiapas,2020-02-29,0,0
Chiapas,2020-03-01,1,0
Chiapas,2020-03-02,1,0
Chiapas,2020-03-03,1,0
Chiapas,2020-03-04,1,0
Chiapas,2020-03-05,1,0
Chiapas,2020-03-06,1,0
Chiapas,2020-03-07,1,0
Chiapas,2020-03-08,1,0
Chiapas,2020-03-09,1,0
Chiapas,2020-03-10,1,0
Chiapas,2020-03-11,1,0
Chiapas,2020-03-12,1,0
Chiapas,2020-03-13,1,0
Chiapas,2020-03-14,1,0
Chiapas,2020-03-15,1,0
Chiapas,2020-03-16,1,0
Chiapas,2020-03-17,1,0
Chiapas,2020-03-18,1,0
Chiapas,2020-03-19,2,0
Chiapas,2020-03-20,2,0
Chiapas,2020-03-21,2,0
Chiapas,2020-03-22,2,0
Chiapas,2020-03-23,2,0
Chiapas,2020-03-24,2,0
Chiapas,2020-03-25,4,0
Chiapas,2020-03-26,4,0
Chiapas,2020-03-27,7,0
Chiapas,2020-03-28,6,0
Chiapas,2020-03-29,10,0
Chiapas,2020-03-30,11,0
Chiapas,2020-03-31,13,0
Chiapas,2020-04-01,14,0
Chiapas,2020-04-02,15,0
Chiapas,2020-04-03,18,0
Chiapas,2020-04-04,19,0
Chiapas,2020-04-05,25,0
Chiapas,2020-04-06,26,0
Chiapas,2020-04-07,28,0
Chiapas,2020-04-08,32,0
Chiapas,2020-04-09,34,0
Chiapas,2020-04-10,38,1
Chiapas,2020-04-11,39,1
Chiapas,2020-04-12,43,3
Chiapas,2020-04-13,43,3
Chiapas,2020-04-14,45,3
Chiapas,2020-04-15,48,3
Chiapas,2020-04-16,54,3
Chihuahua,2020-01-23,0,0
Chihuahua,2020-01-24,0,0
Chihuahua,2020-01-25,0,0
Chihuahua,2020-01-26,0,0
Chihuahua,2020-01-27,0,0
Chihuahua,2020-01-28,0,0
Chihuahua,2020-01-29,0,0
Chihuahua,2020-01-30,0,0
Chihuahua,2020-01-31,0,0
Chihuahua,2020-02-01,0,0
Chihuahua,2020-02-02,0,0
Chihuahua,2020-02-03,0,0
Chihuahua,2020-02-04,0,0
Chihuahua,2020-02-05,0,0
Chihuahua,2020-02-06,0,0
Chihuahua,2020-02-07,0,0
Chihuahua,2020-02-08,0,0
Chihuahua,2020-02-09,0,0
Chihuahua,2020-02-10,0,0
Chihuahua,2020-02-11,0,0
Chihuahua,2020-02-12,0,0
Chihuahua,2020-02-13,0,0
Chihuahua,2020-02-14,0,0
Chihuahua,2020-02-15,0,0
Chihuahua,2020-02-16,0,0
Chihuahua,2020-02-17,0,0
Chihuahua,2020-02-18,0,0
Chihuahua,2020-02-19,0,0
Chihuahua,2020-02-20,0,0
Chihuahua,2020-02-21,0,0
Chihuahua,2020-02-22,0,0
Chihuahua,2020-02-23,0,0
Chihuahua,2020-02-24,0,0
Chihuahua,2020-02-25,0,0
Chihuahua,2020-02-26,0,0
Chihuahua,2020-02-27,0,0
Chihuahua,2020-02-28,0,0
Chihuahua,2020-02-29,0,0
Chihuahua,2020-03-01,0,0
Chihuahua,2020-03-02,0,0
Chihuahua,2020-03-03,0,0
Chihuahua,2020-03-04,0,0
Chihuahua,2020-03-05,0,0
Chihuahua,2020-03-06,0,0
Chihuahua,2020-03-07,0,0
Chihuahua,2020-03-08,0,0
Chihuahua,2020-03-09,0,0
Chihuahua,2020-03-10,0,0
Chihuahua,2020-03-11,0,0
Chihuahua,2020-03-12,0,0
Chihuahua,2020-03-13,0,0
Chihuahua,2020-03-14,0,0
Chihuahua,2020-03-15,0,0
Chihuahua,2020-03-16,0,0
Chihuahua,2020-03-17,1,0
Chihuahua,2020-03-18,1,0
Chihuahua,2020-03-19,1,0
Chihuahua,2020-03-20,2,0
Chihuahua,2020-03-21,2,0
Chihuahua,2020-03-22,5,0
Chihuahua,2020-03-23,5,0
Chihuahua,2020-03-24,6,0
Chihuahua,2020-03-25,6,0
Chihuahua,2020-03-26,6,0
Chihuahua,2020-03-27,6,0
Chihuahua,2020-03-28,6,0
Chihuahua,2020-03-29,6,0
Chihuahua,2020-03-30,6,0
Chihuahua,2020-03-31,7,0
Chihuahua,2020-04-01,11,0
Chihuahua,2020-04-02,11,0
Chihuahua,2020-04-03,12,0
Chihuahua,2020-04-04,13,0
Chihuahua,2020-04-05,15,0
Chihuahua,2020-04-06,22,0
Chihuahua,2020-04-07,22,0
Chihuahua,2020-04-08,29,0
Chihuahua,2020-04-09,42,1
Chihuahua,2020-04-10,54,12
Chihuahua,2020-04-11,54,12
Chihuahua,2020-04-12,61,12
Chihuahua,2020-04-13,67,13
Chihuahua,2020-04-14,69,16
Chihuahua,2020-04-15,83,20
Chihuahua,2020-04-16,108,23
Ciudad de México,2020-01-23,0,0
Ciudad de México,2020-01-24,0,0
Ciudad de México,2020-01-25,0,0
Ciudad de México,2020-01-26,0,0
Ciudad de México,2020-01-27,0,0
Ciudad de México,2020-01-28,0,0
Ciudad de México,2020-01-29,0,0
Ciudad de México,2020-01-30,0,0
Ciudad de México,2020-01-31,0,0
Ciudad de México,2020-02-01,0,0
Ciudad de México,2020-02-02,0,0
Ciudad de México,2020-02-03,0,0
Ciudad de México,2020-02-04,0,0
Ciudad de México,2020-02-05,0,0
Ciudad de México,2020-02-06,0,0
Ciudad de México,2020-02-07,0,0
Ciudad de México,2020-02-08,0,0
Ciudad de México,2020-02-09,0,0
Ciudad de México,2020-02-10,0,0
Ciudad de México,2020-02-11,0,0
Ciudad de México,2020-02-12,0,0
Ciudad de México,2020-02-13,0,0
Ciudad de México,2020-02-14,0,0
Ciudad de México,2020-02-15,0,0
Ciudad de México,2020-02-16,0,0
Ciudad de México,2020-02-17,0,0
Ciudad de México,2020-02-18,0,0
Ciudad de México,2020-02-19,0,0
Ciudad de México,2020-02-20,0,0
Ciudad de México,2020-02-21,0,0
Ciudad de México,2020-02-22,0,0
Ciudad de México,2020-02-23,0,0
Ciudad de México,2020-02-24,0,0
Ciudad de México,2020-02-25,0,0
Ciudad de México,2020-02-26,0,0
Ciudad de México,2020-02-27,0,0
Ciudad de México,2020-02-28,2,0
Ciudad de México,2020-02-29,2,0
Ciudad de México,2020-03-01,2,0
Ciudad de México,2020-03-02,2,0
Ciudad de México,2020-03-03,2,0
Ciudad de México,2020-03-04,2,0
Ciudad de México,2020-03-05,2,0
Ciudad de México,2020-03-06,2,0
Ciudad de México,2020-03-07,3,0
Ciudad de México,2020-03-08,3,0
Ciudad de México,2020-03-09,3,0
Ciudad de México,2020-03-10,3,0
Ciudad de México,2020-03-11,5,0
Ciudad de México,2020-03-12,5,0
Ciudad de México,2020-03-13,11,0
Ciudad de México,2020-03-14,17,0
Ciudad de México,2020-03-15,18,0
Ciudad de México,2020-03-16,21,0
Ciudad de México,2020-03-17,21,0
Ciudad de México,2020-03-18,24,0
Ciudad de México,2020-03-19,31,1
Ciudad de México,2020-03-20,31,1
Ciudad de México,2020-03-21,45,1
Ciudad de México,2020-03-22,56,1
Ciudad de México,2020-03-23,60,2
Ciudad de México,2020-03-24,66,3
Ciudad de México,2020-03-25,82,3
Ciudad de México,2020-03-26,83,3
Ciudad de México,2020-03-27,107,5
Ciudad de México,2020-03-28,177,7
Ciudad de México,2020-03-29,196,7
Ciudad de México,2020-03-30,205,8
Ciudad de México,2020-03-31,234,8
Ciudad de México,2020-04-01,296,8
Ciudad de México,2020-04-02,327,13
Ciudad de México,2020-04-03,384,15
Ciudad de México,2020-04-04,469,17
Ciudad de México,2020-04-05,560,19
Ciudad de México,2020-04-06,609,29
Ciudad de México,2020-04-07,723,32
Ciudad de México,2020-04-08,855,39
Ciudad de México,2020-04-09,909,43
Ciudad de México,2020-04-10,1040,46
Ciudad de México,2020-04-11,1117,49
Ciudad de México,2020-04-12,1328,56
Ciudad de México,2020-04-13,1437,64
Ciudad de México,2020-04-14,1556,92
Ciudad de México,2020-04-15,1686,99
Ciudad de México,2020-04-16,1828,110
Durango,2020-01-23,0,0
Durango,2020-01-24,0,0
Durango,2020-01-25,0,0
Durango,2020-01-26,0,0
Durango,2020-01-27,0,0
Durango,2020-01-28,0,0
Durango,2020-01-29,0,0
Durango,2020-01-30,0,0
Durango,2020-01-31,0,0
Durango,2020-02-01,0,0
Durango,2020-02-02,0,0
Durango,2020-02-03,0,0
Durango,2020-02-04,0,0
Durango,2020-02-05,0,0
Durango,2020-02-06,0,0
Durango,2020-02-07,0,0
Durango,2020-02-08,0,0
Durango,2020-02-09,0,0
Durango,2020-02-10,0,0
Durango,2020-02-11,0,0
Durango,2020-02-12,0,0
Durango,2020-02-13,0,0
Durango,2020-02-14,0,0
Durango,2020-02-15,0,0
Durango,2020-02-16,0,0
Durango,2020-02-17,0,0
Durango,2020-02-18,0,0
Durango,2020-02-19,0,0
Durango,2020-02-20,0,0
Durango,2020-02-21,0,0
Durango,2020-02-22,0,0
Durango,2020-02-23,0,0
Durango,2020-02-24,0,0
Durango,2020-02-25,0,0
Durango,2020-02-26,0,0
Durango,2020-02-27,0,0
Durango,2020-02-28,0,0
Durango,2020-02-29,0,0
Durango,2020-03-01,0,0
Durango,2020-03-02,0,0
Durango,2020-03-03,0,0
Durango,2020-03-04,0,0
Durango,2020-03-05,0,0
Durango,2020-03-06,0,0
Durango,2020-03-07,0,0
Durango,2020-03-08,0,0
Durango,2020-03-09,0,0
Durango,2020-03-10,0,0
Durango,2020-03-11,0,0
Durango,2020-03-12,1,0
Durango,2020-03-13,1,0
Durango,2020-03-14,1,0
Durango,2020-03-15,1,0
Durango,2020-03-16,3,0
Durango,2020-03-17,3,0
Durango,2020-03-18,3,0
Durango,2020-03-19,3,0
Durango,2020-03-20,4,1
Durango,2020-03-21,5,1
Durango,2020-03-22,5,1
Durango,2020-03-23,5,1
Durango,2020-03-24,5,1
Durango,2020-03-25,5,1
Durango,2020-03-26,5,1
Durango,2020-03-27,7,1
Durango,2020-03-28,7,1
Durango,2020-03-29,7,1
Durango,2020-03-30,7,1
Durango,2020-03-31,7,1
Durango,2020-04-01,7,1
Durango,2020-04-02,8,1
Durango,2020-04-03,8,1
Durango,2020-04-04,10,2
Durango,2020-04-05,12,3
Durango,2020-04-06,12,4
Durango,2020-04-07,15,4
Durango,2020-04-08,15,4
Durango,2020-04-09,16,4
Durango,2020-04-10,16,4
Durango,2020-04-11,16,4
Durango,2020-04-12,16,4
Durango,2020-04-13,16,4
Durango,2020-04-14,15,3
Durango,2020-04-15,16,4
Durango,2020-04-16,17,4
Guanajuato,2020-01-23,0,0
Guanajuato,2020-01-24,0,0
Guanajuato,2020-01-25,0,0
Guanajuato,2020-01-26,0,0
Guanajuato,2020-01-27,0,0
Guanajuato,2020-01-28,0,0
Guanajuato,2020-01-29,0,0
Guanajuato,2020-01-30,0,0
Guanajuato,2020-01-31,0,0
Guanajuato,2020-02-01,0,0
Guanajuato,2020-02-02,0,0
Guanajuato,2020-02-03,0,0
Guanajuato,2020-02-04,0,0
Guanajuato,2020-02-05,0,0
Guanajuato,2020-02-06,0,0
Guanajuato,2020-02-07,0,0
Guanajuato,2020-02-08,0,0
Guanajuato,2020-02-09,0,0
Guanajuato,2020-02-10,0,0
Guanajuato,2020-02-11,0,0
Guanajuato,2020-02-12,0,0
Guanajuato,2020-02-13,0,0
Guanajuato,2020-02-14,0,0
Guanajuato,2020-02-15,0,0
Guanajuato,2020-02-16,0,0
Guanajuato,2020-02-17,0,0
Guanajuato,2020-02-18,0,0
Guanajuato,2020-02-19,0,0
Guanajuato,2020-02-20,0,0
Guanajuato,2020-02-21,0,0
Guanajuato,2020-02-22,0,0
Guanajuato,2020-02-23,0,0
Guanajuato,2020-02-24,0,0
Guanajuato,2020-02-25,0,0
Guanajuato,2020-02-26,0,0
Guanajuato,2020-02-27,0,0
Guanajuato,2020-02-28,0,0
Guanajuato,2020-02-29,0,0
Guanajuato,2020-03-01,0,0
Guanajuato,2020-03-02,0,0
Guanajuato,2020-03-03,0,0
Guanajuato,2020-03-04,0,0
Guanajuato,2020-03-05,0,0
Guanajuato,2020-03-06,0,0
Guanajuato,2020-03-07,0,0
Guanajuato,2020-03-08,0,0
Guanajuato,2020-03-09,0,0
Guanajuato,2020-03-10,0,0
Guanajuato,2020-03-11,0,0
Guanajuato,2020-03-12,0,0
Guanajuato,2020-03-13,0,0
Guanajuato,2020-03-14,0,0
Guanajuato,2020-03-15,0,0
Guanajuato,2020-03-16,0,0
Guanajuato,2020-03-17,1,0
Guanajuato,2020-03-18,4,0
Guanajuato,2020-03-19,4,0
Guanajuato,2020-03-20,4,0
Guanajuato,2020-03-21,4,0
Guanajuato,2020-03-22,4,0
Guanajuato,2020-03-23,7,0
Guanajuato,2020-03-24,12,0
Guanajuato,2020-03-25,19,0
Guanajuato,2020-03-26,23,0
Guanajuato,2020-03-27,31,0
Guanajuato,2020-03-28,37,0
Guanajuato,2020-03-29,37,0
Guanajuato,2020-03-30,43,0
Guanajuato,2020-03-31,46,0
Guanajuato,2020-04-01,49,0
Guanajuato,2020-04-02,50,0
Guanajuato,2020-04-03,52,0
Guanajuato,2020-04-04,53,0
Guanajuato,2020-04-05,53,0
Guanajuato,2020-04-06,58,0
Guanajuato,2020-04-07,61,1
Guanajuato,2020-04-08,67,1
Guanajuato,2020-04-09,71,1
Guanajuato,2020-04-10,78,1
Guanajuato,2020-04-11,81,5
Guanajuato,2020-04-12,82,5
Guanajuato,2020-04-13,88,5
Guanajuato,2020-04-14,90,5
Guanajuato,2020-04-15,91,5
Guanajuato,2020-04-16,96,6
Guerrero,2020-01-23,0,0
Guerrero,2020-01-24,0,0
Guerrero,2020-01-25,0,0
Guerrero,2020-01-26,0,0
Guerrero,2020-01-27,0,0
Guerrero,2020-01-28,0,0
Guerrero,2020-01-29,0,0
Guerrero,2020-01-30,0,0
Guerrero,2020-01-31,0,0
Guerrero,2020-02-01,0,0
Guerrero,2020-02-02,0,0
Guerrero,2020-02-03,0,0
Guerrero,2020-02-04,0,0
Guerrero,2020-02-05,0,0
Guerrero,2020-02-06,0,0
Guerrero,2020-02-07,0,0
Guerrero,2020-02-08,0,0
Guerrero,2020-02-09,0,0
Guerrero,2020-02-10,0,0
Guerrero,2020-02-11,0,0
Guerrero,2020-02-12,0,0
Guerrero,2020-02-13,0,0
Guerrero,2020-02-14,0,0
Guerrero,2020-02-15,0,0
Guerrero,2020-02-16,0,0
Guerrero,2020-02-17,0,0
Guerrero,2020-02-18,0,0
Guerrero,2020-02-19,0,0
Guerrero,2020-02-20,0,0
Guerrero,2020-02-21,0,0
Guerrero,2020-02-22,0,0
Guerrero,2020-02-23,0,0
Guerrero,2020-02-24,0,0
Guerrero,2020-02-25,0,0
Guerrero,2020-02-26,0,0
Guerrero,2020-02-27,0,0
Guerrero,2020-02-28,0,0
Guerrero,2020-02-29,0,0
Guerrero,2020-03-01,0,0
Guerrero,2020-03-02,0,0
Guerrero,2020-03-03,0,0
Guerrero,2020-03-04,0,0
Guerrero,2020-03-05,0,0
Guerrero,2020-03-06,0,0
Guerrero,2020-03-07,0,0
Guerrero,2020-03-08,0,0
Guerrero,2020-03-09,0,0
Guerrero,2020-03-10,0,0
Guerrero,2020-03-11,0,0
Guerrero,2020-03-12,0,0
Guerrero,2020-03-13,0,0
Guerrero,2020-03-14,0,0
Guerrero,2020-03-15,0,0
Guerrero,2020-03-16,2,0
Guerrero,2020-03-17,2,0
Guerrero,2020-03-18,2,0
Guerrero,2020-03-19,4,0
Guerrero,2020-03-20,4,0
Guerrero,2020-03-21,4,0
Guerrero,2020-03-22,4,0
Guerrero,2020-03-23,5,0
Guerrero,2020-03-24,6,0
Guerrero,2020-03-25,7,0
Guerrero,2020-03-26,7,0
Guerrero,2020-03-27,7,0
Guerrero,2020-03-28,10,0
Guerrero,2020-03-29,13,0
Guerrero,2020-03-30,13,0
Guerrero,2020-03-31,15,0
Guerrero,2020-04-01,17,1
Guerrero,2020-04-02,22,1
Guerrero,2020-04-03,24,1
Guerrero,2020-04-04,25,1
Guerrero,2020-04-05,30,2
Guerrero,2020-04-06,32,3
Guerrero,2020-04-07,37,3
Guerrero,2020-04-08,47,4
Guerrero,2020-04-09,49,5
Guerrero,2020-04-10,54,6
Guerrero,2020-04-11,56,6
Guerrero,2020-04-12,70,6
Guerrero,2020-04-13,77,6
Guerrero,2020-04-14,88,6
Guerrero,2020-04-15,97,8
Guerrero,2020-04-16,100,9
Hidalgo,2020-01-23,0,0
Hidalgo,2020-01-24,0,0
Hidalgo,2020-01-25,0,0
Hidalgo,2020-01-26,0,0
Hidalgo,2020-01-27,0,0
Hidalgo,2020-01-28,0,0
Hidalgo,2020-01-29,0,0
Hidalgo,2020-01-30,0,0
Hidalgo,2020-01-31,0,0
Hidalgo,2020-02-01,0,0
Hidalgo,2020-02-02,0,0
Hidalgo,2020-02-03,0,0
Hidalgo,2020-02-04,0,0
Hidalgo,2020-02-05,0,0
Hidalgo,2020-02-06,0,0
Hidalgo,2020-02-07,0,0
Hidalgo,2020-02-08,0,0
Hidalgo,2020-02-09,0,0
Hidalgo,2020-02-10,0,0
Hidalgo,2020-02-11,0,0
Hidalgo,2020-02-12,0,0
Hidalgo,2020-02-13,0,0
Hidalgo,2020-02-14,0,0
Hidalgo,2020-02-15,0,0
Hidalgo,2020-02-16,0,0
Hidalgo,2020-02-17,0,0
Hidalgo,2020-02-18,0,0
Hidalgo,2020-02-19,0,0
Hidalgo,2020-02-20,0,0
Hidalgo,2020-02-21,0,0
Hidalgo,2020-02-22,0,0
Hidalgo,2020-02-23,0,0
Hidalgo,2020-02-24,0,0
Hidalgo,2020-02-25,0,0
Hidalgo,2020-02-26,0,0
Hidalgo,2020-02-27,0,0
Hidalgo,2020-02-28,0,0
Hidalgo,2020-02-29,0,0
Hidalgo,2020-03-01,0,0
Hidalgo,2020-03-02,0,0
Hidalgo,2020-03-03,0,0
Hidalgo,2020-03-04,0,0
Hidalgo,2020-03-05,0,0
Hidalgo,2020-03-06,0,0
Hidalgo,2020-03-07,0,0
Hidalgo,2020-03-08,0,0
Hidalgo,2020-03-09,0,0
Hidalgo,2020-03-10,0,0
Hidalgo,2020-03-11,0,0
Hidalgo,2020-03-12,0,0
Hidalgo,2020-03-13,0,0
Hidalgo,2020-03-14,0,0
Hidalgo,2020-03-15,0,0
Hidalgo,2020-03-16,0,0
Hidalgo,2020-03-17,0,0
Hidalgo,2020-03-18,0,0
Hidalgo,2020-03-19,2,0
Hidalgo,2020-03-20,2,0
Hidalgo,2020-03-21,3,0
Hidalgo,2020-03-22,5,0
Hidalgo,2020-03-23,7,0
Hidalgo,2020-03-24,7,0
Hidalgo,2020-03-25,7,0
Hidalgo,2020-03-26,12,0
Hidalgo,2020-03-27,12,0
Hidalgo,2020-03-28,12,1
Hidalgo,2020-03-29,17,2
Hidalgo,2020-03-30,17,2
Hidalgo,2020-03-31,19,3
Hidalgo,2020-04-01,21,3
Hidalgo,2020-04-02,26,3
Hidalgo,2020-04-03,30,3
Hidalgo,2020-04-04,32,5
Hidalgo,2020-04-05,34,5
Hidalgo,2020-04-06,35,5
Hidalgo,2020-04-07,41,6
Hidalgo,2020-04-08,46,7
Hidalgo,2020-04-09,47,7
Hidalgo,2020-04-10,51,7
Hidalgo,2020-04-11,53,8
Hidalgo,2020-04-12,58,9
Hidalgo,2020-04-13,58,9
Hidalgo,2020-04-14,64,10
Hidalgo,2020-04-15,64,12
Hidalgo,2020-04-16,67,12
Jalisco,2020-01-23,0,0
Jalisco,2020-01-24,0,0
Jalisco,2020-01-25,0,0
Jalisco,2020-01-26,0,0
Jalisco,2020-01-27,0,0
Jalisco,2020-01-28,0,0
Jalisco,2020-01-29,0,0
Jalisco,2020-01-30,0,0
Jalisco,2020-01-31,0,0
Jalisco,2020-02-01,0,0
Jalisco,2020-02-02,0,0
Jalisco,2020-02-03,0,0
Jalisco,2020-02-04,0,0
Jalisco,2020-02-05,0,0
Jalisco,2020-02-06,0,0
Jalisco,2020-02-07,0,0
Jalisco,2020-02-08,0,0
Jalisco,2020-02-09,0,0
Jalisco,2020-02-10,0,0
Jalisco,2020-02-11,0,0
Jalisco,2020-02-12,0,0
Jalisco,2020-02-13,0,0
Jalisco,2020-02-14,0,0
Jalisco,2020-02-15,0,0
Jalisco,2020-02-16,0,0
Jalisco,2020-02-17,0,0
Jalisco,2020-02-18,0,0
Jalisco,2020-02-19,0,0
Jalisco,2020-02-20,0,0
Jalisco,2020-02-21,0,0
Jalisco,2020-02-22,0,0
Jalisco,2020-02-23,0,0
Jalisco,2020-02-24,0,0
Jalisco,2020-02-25,0,0
Jalisco,2020-02-26,0,0
Jalisco,2020-02-27,0,0
Jalisco,2020-02-28,0,0
Jalisco,2020-02-29,0,0
Jalisco,2020-03-01,0,0
Jalisco,2020-03-02,0,0
Jalisco,2020-03-03,0,0
Jalisco,2020-03-04,0,0
Jalisco,2020-03-05,0,0
Jalisco,2020-03-06,0,0
Jalisco,2020-03-07,0,0
Jalisco,2020-03-08,0,0
Jalisco,2020-03-09,0,0
Jalisco,2020-03-10,0,0
Jalisco,2020-03-11,0,0
Jalisco,2020-03-12,0,0
Jalisco,2020-03-13,0,0
Jalisco,2020-03-14,2,0
Jalisco,2020-03-15,2,0
Jalisco,2020-03-16,2,0
Jalisco,2020-03-17,5,0
Jalisco,2020-03-18,6,0
Jalisco,2020-03-19,22,0
Jalisco,2020-03-20,28,0
Jalisco,2020-03-21,32,0
Jalisco,2020-03-22,41,0
Jalisco,2020-03-23,46,1
Jalisco,2020-03-24,46,1
Jalisco,2020-03-25,46,1
Jalisco,2020-03-26,64,2
Jalisco,2020-03-27,77,3
Jalisco,2020-03-28,82,3
Jalisco,2020-03-29,83,3
Jalisco,2020-03-30,90,3
Jalisco,2020-03-31,94,3
Jalisco,2020-04-01,99,3
Jalisco,2020-04-02,104,4
Jalisco,2020-04-03,116,6
Jalisco,2020-04-04,120,6
Jalisco,2020-04-05,123,6
Jalisco,2020-04-06,126,7
Jalisco,2020-04-07,135,7
Jalisco,2020-04-08,139,8
Jalisco,2020-04-09,139,8
Jalisco,2020-04-10,144,9
Jalisco,2020-04-11,150,11
Jalisco,2020-04-12,156,11
Jalisco,2020-04-13,159,11
Jalisco,2020-04-14,165,11
Jalisco,2020-04-15,176,11
Jalisco,2020-04-16,178,11
México,2020-01-23,0,0
México,2020-01-24,0,0
México,2020-01-25,0,0
México,2020-01-26,0,0
México,2020-01-27,0,0
México,2020-01-28,0,0
México,2020-01-29,0,0
México,2020-01-30,0,0
México,2020-01-31,0,0
México,2020-02-01,0,0
México,2020-02-02,0,0
México,2020-02-03,0,0
México,2020-02-04,0,0
México,2020-02-05,0,0
México,2020-02-06,0,0
México,2020-02-07,0,0
México,2020-02-08,0,0
México,2020-02-09,0,0
México,2020-02-10,0,0
México,2020-02-11,0,0
México,2020-02-12,0,0
México,2020-02-13,0,0
México,2020-02-14,0,0
México,2020-02-15,0,0
México,2020-02-16,0,0
México,2020-02-17,0,0
México,2020-02-18,0,0
México,2020-02-19,0,0
México,2020-02-20,0,0
México,2020-02-21,0,0
México,2020-02-22,0,0
México,2020-02-23,0,0
México,2020-02-24,0,0
México,2020-02-25,0,0
México,2020-02-26,0,0
México,2020-02-27,0,0
México,2020-02-28,0,0
México,2020-02-29,0,0
México,2020-03-01,0,0
México,2020-03-02,0,0
México,2020-03-03,0,0
México,2020-03-04,0,0
México,2020-03-05,0,0
México,2020-03-06,1,0
México,2020-03-07,1,0
México,2020-03-08,1,0
México,2020-03-09,1,0
México,2020-03-10,1,0
México,2020-03-11,2,0
México,2020-03-12,3,0
México,2020-03-13,3,0
México,2020-03-14,3,0
México,2020-03-15,4,0
México,2020-03-16,9,0
México,2020-03-17,10,0
México,2020-03-18,10,0
México,2020-03-19,10,0
México,2020-03-20,14,0
México,2020-03-21,14,0
México,2020-03-22,22,0
México,2020-03-23,22,0
México,2020-03-24,22,0
México,2020-03-25,26,0
México,2020-03-26,46,0
México,2020-03-27,70,0
México,2020-03-28,85,0
México,2020-03-29,119,0
México,2020-03-30,136,1
México,2020-03-31,149,1
México,2020-04-01,157,1
México,2020-04-02,171,1
México,2020-04-03,177,1
México,2020-04-04,180,3
México,2020-04-05,204,3
México,2020-04-06,261,8
México,2020-04-07,320,9
México,2020-04-08,354,11
México,2020-04-09,399,11
México,2020-04-10,470,16
México,2020-04-11,498,19
México,2020-04-12,523,22
México,2020-04-13,558,27
México,2020-04-14,602,35
México,2020-04-15,659,43
México,2020-04-16,695,46
Michoacán,2020-01-23,0,0
Michoacán,2020-01-24,0,0
Michoacán,2020-01-25,0,0
Michoacán,2020-01-26,0,0
Michoacán,2020-01-27,0,0
Michoacán,2020-01-28,0,0
Michoacán,2020-01-29,0,0
Michoacán,2020-01-30,0,0
Michoacán,2020-01-31,0,0
Michoacán,2020-02-01,0,0
Michoacán,2020-02-02,0,0
Michoacán,2020-02-03,0,0
Michoacán,2020-02-04,0,0
Michoacán,2020-02-05,0,0
Michoacán,2020-02-06,0,0
Michoacán,2020-02-07,0,0
Michoacán,2020-02-08,0,0
Michoacán,2020-02-09,0,0
Michoacán,2020-02-10,0,0
Michoacán,2020-02-11,0,0
Michoacán,2020-02-12,0,0
Michoacán,2020-02-13,0,0
Michoacán,2020-02-14,0,0
Michoacán,2020-02-15,0,0
Michoacán,2020-02-16,0,0
Michoacán,2020-02-17,0,0
Michoacán,2020-02-18,0,0
Michoacán,2020-02-19,0,0
Michoacán,2020-02-20,0,0
Michoacán,2020-02-21,0,0
Michoacán,2020-02-22,0,0
Michoacán,2020-02-23,0,0
Michoacán,2020-02-24,0,0
Michoacán,2020-02-25,0,0
Michoacán,2020-02-26,0,0
Michoacán,2020-02-27,0,0
Michoacán,2020-02-28,0,0
Michoacán,2020-02-29,0,0
Michoacán,2020-03-01,0,0
Michoacán,2020-03-02,0,0
Michoacán,2020-03-03,0,0
Michoacán,2020-03-04,0,0
Michoacán,2020-03-05,0,0
Michoacán,2020-03-06,0,0
Michoacán,2020-03-07,0,0
Michoacán,2020-03-08,0,0
Michoacán,2020-03-09,0,0
Michoacán,2020-03-10,0,0
Michoacán,2020-03-11,0,0
Michoacán,2020-03-12,0,0
Michoacán,2020-03-13,0,0
Michoacán,2020-03-14,0,0
Michoacán,2020-03-15,0,0
Michoacán,2020-03-16,0,0
Michoacán,2020-03-17,0,0
Michoacán,2020-03-18,0,0
Michoacán,2020-03-19,0,0
Michoacán,2020-03-20,0,0
Michoacán,2020-03-21,0,0
Michoacán,2020-03-22,3,0
Michoacán,2020-03-23,7,0
Michoacán,2020-03-24,8,0
Michoacán,2020-03-25,10,0
Michoacán,2020-03-26,11,0
Michoacán,2020-03-27,16,1
Michoacán,2020-03-28,17,1
Michoacán,2020-03-29,17,1
Michoacán,2020-03-30,17,1
Michoacán,2020-03-31,21,1
Michoacán,2020-04-01,24,1
Michoacán,2020-04-02,24,1
Michoacán,2020-04-03,24,1
Michoacán,2020-04-04,29,1
Michoacán,2020-04-05,30,3
Michoacán,2020-04-06,33,3
Michoacán,2020-04-07,34,4
Michoacán,2020-04-08,36,5
Michoacán,2020-04-09,46,5
Michoacán,2020-04-10,46,7
Michoacán,2020-04-11,50,8
Michoacán,2020-04-12,61,9
Michoacán,2020-04-13,62,9
Michoacán,2020-04-14,67,11
Michoacán,2020-04-15,70,12
Michoacán,2020-04-16,84,13
Morelos,2020-01-23,0,0
Morelos,2020-01-24,0,0
Morelos,2020-01-25,0,0
Morelos,2020-01-26,0,0
Morelos,2020-01-27,0,0
Morelos,2020-01-28,0,0
Morelos,2020-01-29,0,0
Morelos,2020-01-30,0,0
Morelos,2020-01-31,0,0
Morelos,2020-02-01,0,0
Morelos,2020-02-02,0,0
Morelos,2020-02-03,0,0
Morelos,2020-02-04,0,0
Morelos,2020-02-05,0,0
Morelos,2020-02-06,0,0
Morelos,2020-02-07,0,0
Morelos,2020-02-08,0,0
Morelos,2020-02-09,0,0
Morelos,2020-02-10,0,0
Morelos,2020-02-11,0,0
Morelos,2020-02-12,0,0
Morelos,2020-02-13,0,0
Morelos,2020-02-14,0,0
Morelos,2020-02-15,0,0
Morelos,2020-02-16,0,0
Morelos,2020-02-17,0,0
Morelos,2020-02-18,0,0
Morelos,2020-02-19,0,0
Morelos,2020-02-20,0,0
Morelos,2020-02-21,0,0
Morelos,2020-02-22,0,0
Morelos,2020-02-23,0,0
Morelos,2020-02-24,0,0
Morelos,2020-02-25,0,0
Morelos,2020-02-26,0,0
Morelos,2020-02-27,0,0
Morelos,2020-02-28,0,0
Morelos,2020-02-29,0,0
Morelos,2020-03-01,0,0
Morelos,2020-03-02,0,0
Morelos,2020-03-03,0,0
Morelos,2020-03-04,0,0
Morelos,2020-03-05,0,0
Morelos,2020-03-06,0,0
Morelos,2020-03-07,0,0
Morelos,2020-03-08,0,0
Morelos,2020-03-09,0,0
Morelos,2020-03-10,0,0
Morelos,2020-03-11,0,0
Morelos,2020-03-12,0,0
Morelos,2020-03-13,0,0
Morelos,2020-03-14,0,0
Morelos,2020-03-15,0,0
Morelos,2020-03-16,0,0
Morelos,2020-03-17,0,0
Morelos,2020-03-18,0,0
Morelos,2020-03-19,0,0
Morelos,2020-03-20,2,0
Morelos,2020-03-21,2,0
Morelos,2020-03-22,2,0
Morelos,2020-03-23,2,0
Morelos,2020-03-24,2,0
Morelos,2020-03-25,2,0
Morelos,2020-03-26,4,0
Morelos,2020-03-27,4,0
Morelos,2020-03-28,4,0
Morelos,2020-03-29,6,1
Morelos,2020-03-30,6,1
Morelos,2020-03-31,7,1
Morelos,2020-04-01,9,1
Morelos,2020-04-02,9,3
Morelos,2020-04-03,12,3
Morelos,2020-04-04,14,3
Morelos,2020-04-05,15,3
Morelos,2020-04-06,17,3
Morelos,2020-04-07,24,4
Morelos,2020-04-08,26,5
Morelos,2020-04-09,35,7
Morelos,2020-04-10,35,7
Morelos,2020-04-11,40,7
Morelos,2020-04-12,44,7
Morelos,2020-04-13,49,7
Morelos,2020-04-14,53,9
Morelos,2020-04-15,56,10
Morelos,2020-04-16,58,10
Nayarit,2020-01-23,0,0
Nayarit,2020-01-24,0,0
Nayarit,2020-01-25,0,0
Nayarit,2020-01-26,0,0
Nayarit,2020-01-27,0,0
Nayarit,2020-01-28,0,0
Nayarit,2020-01-29,0,0
Nayarit,2020-01-30,0,0
Nayarit,2020-01-31,0,0
Nayarit,2020-02-01,0,0
Nayarit,2020-02-02,0,0
Nayarit,2020-02-03,0,0
Nayarit,2020-02-04,0,0
Nayarit,2020-02-05,0,0
Nayarit,2020-02-06,0,0
Nayarit,2020-02-07,0,0
Nayarit,2020-02-08,0,0
Nayarit,2020-02-09,0,0
Nayarit,2020-02-10,0,0
Nayarit,2020-02-11,0,0
Nayarit,2020-02-12,0,0
Nayarit,2020-02-13,0,0
Nayarit,2020-02-14,0,0
Nayarit,2020-02-15,0,0
Nayarit,2020-02-16,0,0
Nayarit,2020-02-17,0,0
Nayarit,2020-02-18,0,0
Nayarit,2020-02-19,0,0
Nayarit,2020-02-20,0,0
Nayarit,2020-02-21,0,0
Nayarit,2020-02-22,0,0
Nayarit,2020-02-23,0,0
Nayarit,2020-02-24,0,0
Nayarit,2020-02-25,0,0
Nayarit,2020-02-26,0,0
Nayarit,2020-02-27,0,0
Nayarit,2020-02-28,0,0
Nayarit,2020-02-29,0,0
Nayarit,2020-03-01,0,0
Nayarit,2020-03-02,0,0
Nayarit,2020-03-03,0,0
Nayarit,2020-03-04,0,0
Nayarit,2020-03-05,0,0
Nayarit,2020-03-06,0,0
Nayarit,2020-03-07,0,0
Nayarit,2020-03-08,0,0
Nayarit,2020-03-09,0,0
Nayarit,2020-03-10,0,0
Nayarit,2020-03-11,0,0
Nayarit,2020-03-12,0,0
Nayarit,2020-03-13,0,0
Nayarit,2020-03-14,0,0
Nayarit,2020-03-15,0,0
Nayarit,2020-03-16,0,0
Nayarit,2020-03-17,0,0
Nayarit,2020-03-18,0,0
Nayarit,2020-03-19,0,0
Nayarit,2020-03-20,0,0
Nayarit,2020-03-21,1,0
Nayarit,2020-03-22,1,0
Nayarit,2020-03-23,1,0
Nayarit,2020-03-24,1,0
Nayarit,2020-03-25,4,0
Nayarit,2020-03-26,4,0
Nayarit,2020-03-27,5,0
Nayarit,2020-03-28,5,0
Nayarit,2020-03-29,5,0
Nayarit,2020-03-30,6,0
Nayarit,2020-03-31,6,0
Nayarit,2020-04-01,8,1
Nayarit,2020-04-02,8,1
Nayarit,2020-04-03,8,1
Nayarit,2020-04-04,9,1
Nayarit,2020-04-05,9,1
Nayarit,2020-04-06,10,1
Nayarit,2020-04-07,10,1
Nayarit,2020-04-08,12,1
Nayarit,2020-04-09,16,3
Nayarit,2020-04-10,19,3
Nayarit,2020-04-11,21,4
Nayarit,2020-04-12,22,4
Nayarit,2020-04-13,25,4
Nayarit,2020-04-14,25,4
Nayarit,2020-04-15,27,5
Nayarit,2020-04-16,29,5
Nuevo León,2020-01-23,0,0
Nuevo León,2020-01-24,0,0
Nuevo León,2020-01-25,0,0
Nuevo León,2020-01-26,0,0
Nuevo León,2020-01-27,0,0
Nuevo León,2020-01-28,0,0
Nuevo León,2020-01-29,0,0
Nuevo León,2020-01-30,0,0
Nuevo León,2020-01-31,0,0
Nuevo León,2020-02-01,0,0
Nuevo León,2020-02-02,0,0
Nuevo León,2020-02-03,0,0
Nuevo León,2020-02-04,0,0
Nuevo León,2020-02-05,0,0
Nuevo León,2020-02-06,0,0
Nuevo León,2020-02-07,0,0
Nuevo León,2020-02-08,0,0
Nuevo León,2020-02-09,0,0
Nuevo León,2020-02-10,0,0
Nuevo León,2020-02-11,0,0
Nuevo León,2020-02-12,0,0
Nuevo León,2020-02-13,0,0
Nuevo León,2020-02-14,0,0
Nuevo León,2020-02-15,0,0
Nuevo León,2020-02-16,0,0
Nuevo León,2020-02-17,0,0
Nuevo León,2020-02-18,0,0
Nuevo León,2020-02-19,0,0
Nuevo León,2020-02-20,0,0
Nuevo León,2020-02-21,0,0
Nuevo León,2020-02-22,0,0
Nuevo León,2020-02-23,0,0
Nuevo León,2020-02-24,0,0
Nuevo León,2020-02-25,0,0
Nuevo León,2020-02-26,0,0
Nuevo León,2020-02-27,0,0
Nuevo León,2020-02-28,0,0
Nuevo León,2020-02-29,0,0
Nuevo León,2020-03-01,0,0
Nuevo León,2020-03-02,0,0
Nuevo León,2020-03-03,0,0
Nuevo León,2020-03-04,0,0
Nuevo León,2020-03-05,0,0
Nuevo León,2020-03-06,0,0
Nuevo León,2020-03-07,0,0
Nuevo León,2020-03-08,0,0
Nuevo León,2020-03-09,0,0
Nuevo León,2020-03-10,0,0
Nuevo León,2020-03-11,0,0
Nuevo León,2020-03-12,1,0
Nuevo León,2020-03-13,1,0
Nuevo León,2020-03-14,3,0
Nuevo León,2020-03-15,5,0
Nuevo León,2020-03-16,13,0
Nuevo León,2020-03-17,14,0
Nuevo León,2020-03-18,19,0
Nuevo León,2020-03-19,19,0
Nuevo León,2020-03-20,29,0
Nuevo León,2020-03-21,32,0
Nuevo León,2020-03-22,35,0
Nuevo León,2020-03-23,40,0
Nuevo León,2020-03-24,52,0
Nuevo León,2020-03-25,52,0
Nuevo León,2020-03-26,57,0
Nuevo León,2020-03-27,64,0
Nuevo León,2020-03-28,64,0
Nuevo León,2020-03-29,67,0
Nuevo León,2020-03-30,75,0
Nuevo León,2020-03-31,76,0
Nuevo León,2020-04-01,78,0
Nuevo León,2020-04-02,84,0
Nuevo León,2020-04-03,85,0
Nuevo León,2020-04-04,88,1
Nuevo León,2020-04-05,91,2
Nuevo León,2020-04-06,93,3
Nuevo León,2020-04-07,93,4
Nuevo León,2020-04-08,98,4
Nuevo León,2020-04-09,107,5
Nuevo León,2020-04-10,110,5
Nuevo León,2020-04-11,119,5
Nuevo León,2020-04-12,124,5
Nuevo León,2020-04-13,132,5
Nuevo León,2020-04-14,136,5
Nuevo León,2020-04-15,150,5
Nuevo León,2020-04-16,159,5
Oaxaca,2020-01-23,0,0
Oaxaca,2020-01-24,0,0
Oaxaca,2020-01-25,0,0
Oaxaca,2020-01-26,0,0
Oaxaca,2020-01-27,0,0
Oaxaca,2020-01-28,0,0
Oaxaca,2020-01-29,0,0
Oaxaca,2020-01-30,0,0
Oaxaca,2020-01-31,0,0
Oaxaca,2020-02-01,0,0
Oaxaca,2020-02-02,0,0
Oaxaca,2020-02-03,0,0
Oaxaca,2020-02-04,0,0
Oaxaca,2020-02-05,0,0
Oaxaca,2020-02-06,0,0
Oaxaca,2020-02-07,0,0
Oaxaca,2020-02-08,0,0
Oaxaca,2020-02-09,0,0
Oaxaca,2020-02-10,0,0
Oaxaca,2020-02-11,0,0
Oaxaca,2020-02-12,0,0
Oaxaca,2020-02-13,0,0
Oaxaca,2020-02-14,0,0
Oaxaca,2020-02-15,0,0
Oaxaca,2020-02-16,0,0
Oaxaca,2020-02-17,0,0
Oaxaca,2020-02-18,0,0
Oaxaca,2020-02-19,0,0
Oaxaca,2020-02-20,0,0
Oaxaca,2020-02-21,0,0
Oaxaca,2020-02-22,0,0
Oaxaca,2020-02-23,0,0
Oaxaca,2020-02-24,0,0
Oaxaca,2020-02-25,0,0
Oaxaca,2020-02-26,0,0
Oaxaca,2020-02-27,0,0
Oaxaca,2020-02-28,0,0
Oaxaca,2020-02-29,0,0
Oaxaca,2020-03-01,0,0
Oaxaca,2020-03-02,0,0
Oaxaca,2020-03-03,0,0
Oaxaca,2020-03-04,0,0
Oaxaca,2020-03-05,0,0
Oaxaca,2020-03-06,0,0
Oaxaca,2020-03-07,0,0
Oaxaca,2020-03-08,0,0
Oaxaca,2020-03-09,0,0
Oaxaca,2020-03-10,0,0
Oaxaca,2020-03-11,0,0
Oaxaca,2020-03-12,0,0
Oaxaca,2020-03-13,0,0
Oaxaca,2020-03-14,2,0
Oaxaca,2020-03-15,2,0
Oaxaca,2020-03-16,2,0
Oaxaca,2020-03-17,2,0
Oaxaca,2020-03-18,2,0
Oaxaca,2020-03-19,2,0
Oaxaca,2020-03-20,2,0
Oaxaca,2020-03-21,2,0
Oaxaca,2020-03-22,3,0
Oaxaca,2020-03-23,4,0
Oaxaca,2020-03-24,4,0
Oaxaca,2020-03-25,7,0
Oaxaca,2020-03-26,8,0
Oaxaca,2020-03-27,11,0
Oaxaca,2020-03-28,12,0
Oaxaca,2020-03-29,14,0
Oaxaca,2020-03-30,14,1
Oaxaca,2020-03-31,14,1
Oaxaca,2020-04-01,22,1
Oaxaca,2020-04-02,22,1
Oaxaca,2020-04-03,22,1
Oaxaca,2020-04-04,22,1
Oaxaca,2020-04-05,25,1
Oaxaca,2020-04-06,27,1
Oaxaca,2020-04-07,35,1
Oaxaca,2020-04-08,37,1
Oaxaca,2020-04-09,40,1
Oaxaca,2020-04-10,41,2
Oaxaca,2020-04-11,43,2
Oaxaca,2020-04-12,43,3
Oaxaca,2020-04-13,44,4
Oaxaca,2020-04-14,46,5
Oaxaca,2020-04-15,50,5
Oaxaca,2020-04-16,53,5
Puebla,2020-01-23,0,0
Puebla,2020-01-24,0,0
Puebla,2020-01-25,0,0
Puebla,2020-01-26,0,0
Puebla,2020-01-27,0,0
Puebla,2020-01-28,0,0
Puebla,2020-01-29,0,0
Puebla,2020-01-30,0,0
Puebla,2020-01-31,0,0
Puebla,2020-02-01,0,0
Puebla,2020-02-02,0,0
Puebla,2020-02-03,0,0
Puebla,2020-02-04,0,0
Puebla,2020-02-05,0,0
Puebla,2020-02-06,0,0
Puebla,2020-02-07,0,0
Puebla,2020-02-08,0,0
Puebla,2020-02-09,0,0
Puebla,2020-02-10,0,0
Puebla,2020-02-11,0,0
Puebla,2020-02-12,0,0
Puebla,2020-02-13,0,0
Puebla,2020-02-14,0,0
Puebla,2020-02-15,0,0
Puebla,2020-02-16,0,0
Puebla,2020-02-17,0,0
Puebla,2020-02-18,0,0
Puebla,2020-02-19,0,0
Puebla,2020-02-20,0,0
Puebla,2020-02-21,0,0
Puebla,2020-02-22,0,0
Puebla,2020-02-23,0,0
Puebla,2020-02-24,0,0
Puebla,2020-02-25,0,0
Puebla,2020-02-26,0,0
Puebla,2020-02-27,0,0
Puebla,2020-02-28,0,0
Puebla,2020-02-29,0,0
Puebla,2020-03-01,0,0
Puebla,2020-03-02,0,0
Puebla,2020-03-03,0,0
Puebla,2020-03-04,0,0
Puebla,2020-03-05,0,0
Puebla,2020-03-06,0,0
Puebla,2020-03-07,0,0
Puebla,2020-03-08,0,0
Puebla,2020-03-09,0,0
Puebla,2020-03-10,0,0
Puebla,2020-03-11,1,0
Puebla,2020-03-12,1,0
Puebla,2020-03-13,2,0
Puebla,2020-03-14,3,0
Puebla,2020-03-15,6,0
Puebla,2020-03-16,8,0
Puebla,2020-03-17,9,0
Puebla,2020-03-18,9,0
Puebla,2020-03-19,11,0
Puebla,2020-03-20,14,0
Puebla,2020-03-21,16,0
Puebla,2020-03-22,16,0
Puebla,2020-03-23,16,0
Puebla,2020-03-24,22,0
Puebla,2020-03-25,34,0
Puebla,2020-03-26,45,0
Puebla,2020-03-27,51,0
Puebla,2020-03-28,52,0
Puebla,2020-03-29,66,1
Puebla,2020-03-30,76,1
Puebla,2020-03-31,81,1
Puebla,2020-04-01,97,1
Puebla,2020-04-02,100,1
Puebla,2020-04-03,109,1
Puebla,2020-04-04,125,1
Puebla,2020-04-05,147,1
Puebla,2020-04-06,156,2
Puebla,2020-04-07,179,4
Puebla,2020-04-08,183,9
Puebla,2020-04-09,198,10
Puebla,2020-04-10,214,15
Puebla,2020-04-11,243,18
Puebla,2020-04-12,256,20
Puebla,2020-04-13,269,22
Puebla,2020-04-14,276,27
Puebla,2020-04-15,291,31
Puebla,2020-04-16,305,32
Queretaro,2020-01-23,0,0
Queretaro,2020-01-24,0,0
Queretaro,2020-01-25,0,0
Queretaro,2020-01-26,0,0
Queretaro,2020-01-27,0,0
Queretaro,2020-01-28,0,0
Queretaro,2020-01-29,0,0
Queretaro,2020-01-30,0,0
Queretaro,2020-01-31,0,0
Queretaro,2020-02-01,0,0
Queretaro,2020-02-02,0,0
Queretaro,2020-02-03,0,0
Queretaro,2020-02-04,0,0
Queretaro,2020-02-05,0,0
Queretaro,2020-02-06,0,0
Queretaro,2020-02-07,0,0
Queretaro,2020-02-08,0,0
Queretaro,2020-02-09,0,0
Queretaro,2020-02-10,0,0
Queretaro,2020-02-11,0,0
Queretaro,2020-02-12,0,0
Queretaro,2020-02-13,0,0
Queretaro,2020-02-14,0,0
Queretaro,2020-02-15,0,0
Queretaro,2020-02-16,0,0
Queretaro,2020-02-17,0,0
Queretaro,2020-02-18,0,0
Queretaro,2020-02-19,0,0
Queretaro,2020-02-20,0,0
Queretaro,2020-02-21,0,0
Queretaro,2020-02-22,0,0
Queretaro,2020-02-23,0,0
Queretaro,2020-02-24,0,0
Queretaro,2020-02-25,0,0
Queretaro,2020-02-26,0,0
Queretaro,2020-02-27,0,0
Queretaro,2020-02-28,0,0
Queretaro,2020-02-29,0,0
Queretaro,2020-03-01,0,0
Queretaro,2020-03-02,0,0
Queretaro,2020-03-03,0,0
Queretaro,2020-03-04,0,0
Queretaro,2020-03-05,0,0
Queretaro,2020-03-06,0,0
Queretaro,2020-03-07,0,0
Queretaro,2020-03-08,0,0
Queretaro,2020-03-09,0,0
Queretaro,2020-03-10,0,0
Queretaro,2020-03-11,1,0
Queretaro,2020-03-12,1,0
Queretaro,2020-03-13,4,0
Queretaro,2020-03-14,4,0
Queretaro,2020-03-15,6,0
Queretaro,2020-03-16,7,0
Queretaro,2020-03-17,7,0
Queretaro,2020-03-18,7,0
Queretaro,2020-03-19,9,0
Queretaro,2020-03-20,11,0
Queretaro,2020-03-21,14,0
Queretaro,2020-03-22,14,0
Queretaro,2020-03-23,16,0
Queretaro,2020-03-24,16,0
Queretaro,2020-03-25,18,0
Queretaro,2020-03-26,21,0
Queretaro,2020-03-27,23,0
Queretaro,2020-03-28,25,0
Queretaro,2020-03-29,26,0
Queretaro,2020-03-30,27,1
Queretaro,2020-03-31,29,1
Queretaro,2020-04-01,29,1
Queretaro,2020-04-02,32,1
Queretaro,2020-04-03,35,2
Queretaro,2020-04-04,36,2
Queretaro,2020-04-05,38,2
Queretaro,2020-04-06,40,2
Queretaro,2020-04-07,45,2
Queretaro,2020-04-08,47,2
Queretaro,2020-04-09,50,2
Queretaro,2020-04-10,55,3
Queretaro,2020-04-11,57,3
Queretaro,2020-04-12,61,3
Queretaro,2020-04-13,61,3
Queretaro,2020-04-14,65,4
Queretaro,2020-04-15,69,5
Queretaro,2020-04-16,76,5
Quintana Roo,2020-01-23,0,0
Quintana Roo,2020-01-24,0,0
Quintana Roo,2020-01-25,0,0
Quintana Roo,2020-01-26,0,0
Quintana Roo,2020-01-27,0,0
Quintana Roo,2020-01-28,0,0
Quintana Roo,2020-01-29,0,0
Quintana Roo,2020-01-30,0,0
Quintana Roo,2020-01-31,0,0
Quintana Roo,2020-02-01,0,0
Quintana Roo,2020-02-02,0,0
Quintana Roo,2020-02-03,0,0
Quintana Roo,2020-02-04,0,0
Quintana Roo,2020-02-05,0,0
Quintana Roo,2020-02-06,0,0
Quintana Roo,2020-02-07,0,0
Quintana Roo,2020-02-08,0,0
Quintana Roo,2020-02-09,0,0
Quintana Roo,2020-02-10,0,0
Quintana Roo,2020-02-11,0,0
Quintana Roo,2020-02-12,0,0
Quintana Roo,2020-02-13,0,0
Quintana Roo,2020-02-14,0,0
Quintana Roo,2020-02-15,0,0
Quintana Roo,2020-02-16,0,0
Quintana Roo,2020-02-17,0,0
Quintana Roo,2020-02-18,0,0
Quintana Roo,2020-02-19,0,0
Quintana Roo,2020-02-20,0,0
Quintana Roo,2020-02-21,0,0
Quintana Roo,2020-02-22,0,0
Quintana Roo,2020-02-23,0,0
Quintana Roo,2020-02-24,0,0
Quintana Roo,2020-02-25,0,0
Quintana Roo,2020-02-26,0,0
Quintana Roo,2020-02-27,0,0
Quintana Roo,2020-02-28,0,0
Quintana Roo,2020-02-29,0,0
Quintana Roo,2020-03-01,0,0
Quintana Roo,2020-03-02,0,0
Quintana Roo,2020-03-03,0,0
Quintana Roo,2020-03-04,0,0
Quintana Roo,2020-03-05,0,0
Quintana Roo,2020-03-06,0,0
Quintana Roo,2020-03-07,0,0
Quintana Roo,2020-03-08,0,0
Quintana Roo,2020-03-09,0,0
Quintana Roo,2020-03-10,0,0
Quintana Roo,2020-03-11,0,0
Quintana Roo,2020-03-12,0,0
Quintana Roo,2020-03-13,1,0
Quintana Roo,2020-03-14,1,0
Quintana Roo,2020-03-15,1,0
Quintana Roo,2020-03-16,4,0
Quintana Roo,2020-03-17,4,0
Quintana Roo,2020-03-18,6,0
Quintana Roo,2020-03-19,6,0
Quintana Roo,2020-03-20,11,0
Quintana Roo,2020-03-21,12,0
Quintana Roo,2020-03-22,12,0
Quintana Roo,2020-03-23,21,0
Quintana Roo,2020-03-24,22,0
Quintana Roo,2020-03-25,22,0
Quintana Roo,2020-03-26,29,0
Quintana Roo,2020-03-27,29,0
Quintana Roo,2020-03-28,33,1
Quintana Roo,2020-03-29,38,1
Quintana Roo,2020-03-30,43,1
Quintana Roo,2020-03-31,47,1
Quintana Roo,2020-04-01,51,1
Quintana Roo,2020-04-02,56,1
Quintana Roo,2020-04-03,65,1
Quintana Roo,2020-04-04,75,2
Quintana Roo,2020-04-05,86,4
Quintana Roo,2020-04-06,115,8
Quintana Roo,2020-04-07,135,9
Quintana Roo,2020-04-08,143,10
Quintana Roo,2020-04-09,159,12
Quintana Roo,2020-04-10,163,13
Quintana Roo,2020-04-11,216,18
Quintana Roo,2020-04-12,223,19
Quintana Roo,2020-04-13,239,22
Quintana Roo,2020-04-14,245,25
Quintana Roo,2020-04-15,269,27
Quintana Roo,2020-04-16,276,28
San Luis Potosí,2020-01-23,0,0
San Luis Potosí,2020-01-24,0,0
San Luis Potosí,2020-01-25,0,0
San Luis Potosí,2020-01-26,0,0
San Luis Potosí,2020-01-27,0,0
San Luis Potosí,2020-01-28,0,0
San Luis Potosí,2020-01-29,0,0
San Luis Potosí,2020-01-30,0,0
San Luis Potosí,2020-01-31,0,0
San Luis Potosí,2020-02-01,0,0
San Luis Potosí,2020-02-02,0,0
San Luis Potosí,2020-02-03,0,0
San Luis Potosí,2020-02-04,0,0
San Luis Potosí,2020-02-05,0,0
San Luis Potosí,2020-02-06,0,0
San Luis Potosí,2020-02-07,0,0
San Luis Potosí,2020-02-08,0,0
San Luis Potosí,2020-02-09,0,0
San Luis Potosí,2020-02-10,0,0
San Luis Potosí,2020-02-11,0,0
San Luis Potosí,2020-02-12,0,0
San Luis Potosí,2020-02-13,0,0
San Luis Potosí,2020-02-14,0,0
San Luis Potosí,2020-02-15,0,0
San Luis Potosí,2020-02-16,0,0
San Luis Potosí,2020-02-17,0,0
San Luis Potosí,2020-02-18,0,0
San Luis Potosí,2020-02-19,0,0
San Luis Potosí,2020-02-20,0,0
San Luis Potosí,2020-02-21,0,0
San Luis Potosí,2020-02-22,0,0
San Luis Potosí,2020-02-23,0,0
San Luis Potosí,2020-02-24,0,0
San Luis Potosí,2020-02-25,0,0
San Luis Potosí,2020-02-26,0,0
San Luis Potosí,2020-02-27,0,0
San Luis Potosí,2020-02-28,0,0
San Luis Potosí,2020-02-29,0,0
San Luis Potosí,2020-03-01,0,0
San Luis Potosí,2020-03-02,0,0
San Luis Potosí,2020-03-03,0,0
San Luis Potosí,2020-03-04,0,0
San Luis Potosí,2020-03-05,0,0
San Luis Potosí,2020-03-06,0,0
San Luis Potosí,2020-03-07,0,0
San Luis Potosí,2020-03-08,0,0
San Luis Potosí,2020-03-09,0,0
San Luis Potosí,2020-03-10,0,0
San Luis Potosí,2020-03-11,0,0
San Luis Potosí,2020-03-12,0,0
San Luis Potosí,2020-03-13,0,0
San Luis Potosí,2020-03-14,1,0
San Luis Potosí,2020-03-15,2,0
San Luis Potosí,2020-03-16,2,0
San Luis Potosí,2020-03-17,2,0
San Luis Potosí,2020-03-18,3,0
San Luis Potosí,2020-03-19,7,0
San Luis Potosí,2020-03-20,7,0
San Luis Potosí,2020-03-21,9,0
San Luis Potosí,2020-03-22,12,0
San Luis Potosí,2020-03-23,16,0
San Luis Potosí,2020-03-24,16,0
San Luis Potosí,2020-03-25,17,1
San Luis Potosí,2020-03-26,18,2
San Luis Potosí,2020-03-27,19,2
San Luis Potosí,2020-03-28,20,2
San Luis Potosí,2020-03-29,24,2
San Luis Potosí,2020-03-30,25,2
San Luis Potosí,2020-03-31,25,2
San Luis Potosí,2020-04-01,31,2
San Luis Potosí,2020-04-02,33,2
San Luis Potosí,2020-04-03,35,2
San Luis Potosí,2020-04-04,35,2
San Luis Potosí,2020-04-05,37,2
San Luis Potosí,2020-04-06,37,3
San Luis Potosí,2020-04-07,41,3
San Luis Potosí,2020-04-08,43,4
San Luis Potosí,2020-04-09,47,4
San Luis Potosí,2020-04-10,48,4
San Luis Potosí,2020-04-11,51,4
San Luis Potosí,2020-04-12,53,4
San Luis Potosí,2020-04-13,55,4
San Luis Potosí,2020-04-14,55,4
San Luis Potosí,2020-04-15,56,4
San Luis Potosí,2020-04-16,56,4
Sinaloa,2020-01-23,0,0
Sinaloa,2020-01-24,0,0
Sinaloa,2020-01-25,0,0
Sinaloa,2020-01-26,0,0
Sinaloa,2020-01-27,0,0
Sinaloa,2020-01-28,0,0
Sinaloa,2020-01-29,0,0
Sinaloa,2020-01-30,0,0
Sinaloa,2020-01-31,0,0
Sinaloa,2020-02-01,0,0
Sinaloa,2020-02-02,0,0
Sinaloa,2020-02-03,0,0
Sinaloa,2020-02-04,0,0
Sinaloa,2020-02-05,0,0
Sinaloa,2020-02-06,0,0
Sinaloa,2020-02-07,0,0
Sinaloa,2020-02-08,0,0
Sinaloa,2020-02-09,0,0
Sinaloa,2020-02-10,0,0
Sinaloa,2020-02-11,0,0
Sinaloa,2020-02-12,0,0
Sinaloa,2020-02-13,0,0
Sinaloa,2020-02-14,0,0
Sinaloa,2020-02-15,0,0
Sinaloa,2020-02-16,0,0
Sinaloa,2020-02-17,0,0
Sinaloa,2020-02-18,0,0
Sinaloa,2020-02-19,0,0
Sinaloa,2020-02-20,0,0
Sinaloa,2020-02-21,0,0
Sinaloa,2020-02-22,0,0
Sinaloa,2020-02-23,0,0
Sinaloa,2020-02-24,0,0
Sinaloa,2020-02-25,0,0
Sinaloa,2020-02-26,0,0
Sinaloa,2020-02-27,0,0
Sinaloa,2020-02-28,1,0
Sinaloa,2020-02-29,1,0
Sinaloa,2020-03-01,1,0
Sinaloa,2020-03-02,1,0
Sinaloa,2020-03-03,1,0
Sinaloa,2020-03-04,1,0
Sinaloa,2020-03-05,1,0
Sinaloa,2020-03-06,1,0
Sinaloa,2020-03-07,1,0
Sinaloa,2020-03-08,1,0
Sinaloa,2020-03-09,1,0
Sinaloa,2020-03-10,1,0
Sinaloa,2020-03-11,1,0
Sinaloa,2020-03-12,1,0
Sinaloa,2020-03-13,1,0
Sinaloa,2020-03-14,1,0
Sinaloa,2020-03-15,2,0
Sinaloa,2020-03-16,2,0
Sinaloa,2020-03-17,2,0
Sinaloa,2020-03-18,2,0
Sinaloa,2020-03-19,3,0
Sinaloa,2020-03-20,3,0
Sinaloa,2020-03-21,3,0
Sinaloa,2020-03-22,4,0
Sinaloa,2020-03-23,4,0
Sinaloa,2020-03-24,4,0
Sinaloa,2020-03-25,4,0
Sinaloa,2020-03-26,8,0
Sinaloa,2020-03-27,9,0
Sinaloa,2020-03-28,14,0
Sinaloa,2020-03-29,19,0
Sinaloa,2020-03-30,24,3
Sinaloa,2020-03-31,27,3
Sinaloa,2020-04-01,32,4
Sinaloa,2020-04-02,42,4
Sinaloa,2020-04-03,51,5
Sinaloa,2020-04-04,74,10
Sinaloa,2020-04-05,90,12
Sinaloa,2020-04-06,97,12
Sinaloa,2020-04-07,111,13
Sinaloa,2020-04-08,125,13
Sinaloa,2020-04-09,138,15
Sinaloa,2020-04-10,171,18
Sinaloa,2020-04-11,214,24
Sinaloa,2020-04-12,229,24
Sinaloa,2020-04-13,245,28
Sinaloa,2020-04-14,261,34
Sinaloa,2020-04-15,292,38
Sinaloa,2020-04-16,327,40
Sonora,2020-01-23,0,0
Sonora,2020-01-24,0,0
Sonora,2020-01-25,0,0
Sonora,2020-01-26,0,0
Sonora,2020-01-27,0,0
Sonora,2020-01-28,0,0
Sonora,2020-01-29,0,0
Sonora,2020-01-30,0,0
Sonora,2020-01-31,0,0
Sonora,2020-02-01,0,0
Sonora,2020-02-02,0,0
Sonora,2020-02-03,0,0
Sonora,2020-02-04,0,0
Sonora,2020-02-05,0,0
Sonora,2020-02-06,0,0
Sonora,2020-02-07,0,0
Sonora,2020-02-08,0,0
Sonora,2020-02-09,0,0
Sonora,2020-02-10,0,0
Sonora,2020-02-11,0,0
Sonora,2020-02-12,0,0
Sonora,2020-02-13,0,0
Sonora,2020-02-14,0,0
Sonora,2020-02-15,0,0
Sonora,2020-02-16,0,0
Sonora,2020-02-17,0,0
Sonora,2020-02-18,0,0
Sonora,2020-02-19,0,0
Sonora,2020-02-20,0,0
Sonora,2020-02-21,0,0
Sonora,2020-02-22,0,0
Sonora,2020-02-23,0,0
Sonora,2020-02-24,0,0
Sonora,2020-02-25,0,0
Sonora,2020-02-26,0,0
Sonora,2020-02-27,0,0
Sonora,2020-02-28,0,0
Sonora,2020-02-29,0,0
Sonora,2020-03-01,0,0
Sonora,2020-03-02,0,0
Sonora,2020-03-03,0,0
Sonora,2020-03-04,0,0
Sonora,2020-03-05,0,0
Sonora,2020-03-06,0,0
Sonora,2020-03-07,0,0
Sonora,2020-03-08,0,0
Sonora,2020-03-09,0,0
Sonora,2020-03-10,0,0
Sonora,2020-03-11,0,0
Sonora,2020-03-12,0,0
Sonora,2020-03-13,0,0
Sonora,2020-03-14,0,0
Sonora,2020-03-15,0,0
Sonora,2020-03-16,0,0
Sonora,2020-03-17,1,0
Sonora,2020-03-18,1,0
Sonora,2020-03-19,2,0
Sonora,2020-03-20,2,0
Sonora,2020-03-21,2,0
Sonora,2020-03-22,4,0
Sonora,2020-03-23,4,0
Sonora,2020-03-24,4,0
Sonora,2020-03-25,4,0
Sonora,2020-03-26,7,0
Sonora,2020-03-27,8,0
Sonora,2020-03-28,10,0
Sonora,2020-03-29,14,0
Sonora,2020-03-30,17,0
Sonora,2020-03-31,17,0
Sonora,2020-04-01,18,0
Sonora,2020-04-02,21,0
Sonora,2020-04-03,22,0
Sonora,2020-04-04,27,1
Sonora,2020-04-05,28,1
Sonora,2020-04-06,30,1
Sonora,2020-04-07,35,1
Sonora,2020-04-08,46,2
Sonora,2020-04-09,48,4
Sonora,2020-04-10,55,5
Sonora,2020-04-11,65,5
Sonora,2020-04-12,69,5
Sonora,2020-04-13,72,9
Sonora,2020-04-14,73,9
Sonora,2020-04-15,78,9
Sonora,2020-04-16,89,10
Tabasco,2020-01-23,0,0
Tabasco,2020-01-24,0,0
Tabasco,2020-01-25,0,0
Tabasco,2020-01-26,0,0
Tabasco,2020-01-27,0,0
Tabasco,2020-01-28,0,0
Tabasco,2020-01-29,0,0
Tabasco,2020-01-30,0,0
Tabasco,2020-01-31,0,0
Tabasco,2020-02-01,0,0
Tabasco,2020-02-02,0,0
Tabasco,2020-02-03,0,0
Tabasco,2020-02-04,0,0
Tabasco,2020-02-05,0,0
Tabasco,2020-02-06,0,0
Tabasco,2020-02-07,0,0
Tabasco,2020-02-08,0,0
Tabasco,2020-02-09,0,0
Tabasco,2020-02-10,0,0
Tabasco,2020-02-11,0,0
Tabasco,2020-02-12,0,0
Tabasco,2020-02-13,0,0
Tabasco,2020-02-14,0,0
Tabasco,2020-02-15,0,0
Tabasco,2020-02-16,0,0
Tabasco,2020-02-17,0,0
Tabasco,2020-02-18,0,0
Tabasco,2020-02-19,0,0
Tabasco,2020-02-20,0,0
Tabasco,2020-02-21,0,0
Tabasco,2020-02-22,0,0
Tabasco,2020-02-23,0,0
Tabasco,2020-02-24,0,0
Tabasco,2020-02-25,0,0
Tabasco,2020-02-26,0,0
Tabasco,2020-02-27,0,0
Tabasco,2020-02-28,0,0
Tabasco,2020-02-29,0,0
Tabasco,2020-03-01,0,0
Tabasco,2020-03-02,0,0
Tabasco,2020-03-03,0,0
Tabasco,2020-03-04,0,0
Tabasco,2020-03-05,0,0
Tabasco,2020-03-06,0,0
Tabasco,2020-03-07,0,0
Tabasco,2020-03-08,0,0
Tabasco,2020-03-09,0,0
Tabasco,2020-03-10,0,0
Tabasco,2020-03-11,0,0
Tabasco,2020-03-12,0,0
Tabasco,2020-03-13,0,0
Tabasco,2020-03-14,0,0
Tabasco,2020-03-15,0,0
Tabasco,2020-03-16,0,0
Tabasco,2020-03-17,0,0
Tabasco,2020-03-18,1,0
Tabasco,2020-03-19,1,0
Tabasco,2020-03-20,2,0
Tabasco,2020-03-21,4,0
Tabasco,2020-03-22,5,0
Tabasco,2020-03-23,6,0
Tabasco,2020-03-24,6,0
Tabasco,2020-03-25,6,0
Tabasco,2020-03-26,17,0
Tabasco,2020-03-27,21,0
Tabasco,2020-03-28,27,0
Tabasco,2020-03-29,33,0
Tabasco,2020-03-30,38,0
Tabasco,2020-03-31,48,0
Tabasco,2020-04-01,52,1
Tabasco,2020-04-02,62,3
Tabasco,2020-04-03,73,3
Tabasco,2020-04-04,83,3
Tabasco,2020-04-05,97,4
Tabasco,2020-04-06,107,8
Tabasco,2020-04-07,108,8
Tabasco,2020-04-08,112,8
Tabasco,2020-04-09,113,9
Tabasco,2020-04-10,134,9
Tabasco,2020-04-11,143,12
Tabasco,2020-04-12,153,12
Tabasco,2020-04-13,156,14
Tabasco,2020-04-14,195,19
Tabasco,2020-04-15,210,21
Tabasco,2020-04-16,233,25
Tamaulipas,2020-01-23,0,0
Tamaulipas,2020-01-24,0,0
Tamaulipas,2020-01-25,0,0
Tamaulipas,2020-01-26,0,0
Tamaulipas,2020-01-27,0,0
Tamaulipas,2020-01-28,0,0
Tamaulipas,2020-01-29,0,0
Tamaulipas,2020-01-30,0,0
Tamaulipas,2020-01-31,0,0
Tamaulipas,2020-02-01,0,0
Tamaulipas,2020-02-02,0,0
Tamaulipas,2020-02-03,0,0
Tamaulipas,2020-02-04,0,0
Tamaulipas,2020-02-05,0,0
Tamaulipas,2020-02-06,0,0
Tamaulipas,2020-02-07,0,0
Tamaulipas,2020-02-08,0,0
Tamaulipas,2020-02-09,0,0
Tamaulipas,2020-02-10,0,0
Tamaulipas,2020-02-11,0,0
Tamaulipas,2020-02-12,0,0
Tamaulipas,2020-02-13,0,0
Tamaulipas,2020-02-14,0,0
Tamaulipas,2020-02-15,0,0
Tamaulipas,2020-02-16,0,0
Tamaulipas,2020-02-17,0,0
Tamaulipas,2020-02-18,0,0
Tamaulipas,2020-02-19,0,0
Tamaulipas,2020-02-20,0,0
Tamaulipas,2020-02-21,0,0
Tamaulipas,2020-02-22,0,0
Tamaulipas,2020-02-23,0,0
Tamaulipas,2020-02-24,0,0
Tamaulipas,2020-02-25,0,0
Tamaulipas,2020-02-26,0,0
Tamaulipas,2020-02-27,0,0
Tamaulipas,2020-02-28,0,0
Tamaulipas,2020-02-29,0,0
Tamaulipas,2020-03-01,0,0
Tamaulipas,2020-03-02,0,0
Tamaulipas,2020-03-03,0,0
Tamaulipas,2020-03-04,0,0
Tamaulipas,2020-03-05,0,0
Tamaulipas,2020-03-06,0,0
Tamaulipas,2020-03-07,0,0
Tamaulipas,2020-03-08,0,0
Tamaulipas,2020-03-09,0,0
Tamaulipas,2020-03-10,0,0
Tamaulipas,2020-03-11,0,0
Tamaulipas,2020-03-12,0,0
Tamaulipas,2020-03-13,0,0
Tamaulipas,2020-03-14,0,0
Tamaulipas,2020-03-15,0,0
Tamaulipas,2020-03-16,0,0
Tamaulipas,2020-03-17,1,0
Tamaulipas,2020-03-18,2,0
Tamaulipas,2020-03-19,2,0
Tamaulipas,2020-03-20,2,0
Tamaulipas,2020-03-21,3,0
Tamaulipas,2020-03-22,4,0
Tamaulipas,2020-03-23,5,0
Tamaulipas,2020-03-24,5,0
Tamaulipas,2020-03-25,6,0
Tamaulipas,2020-03-26,6,0
Tamaulipas,2020-03-27,6,0
Tamaulipas,2020-03-28,6,0
Tamaulipas,2020-03-29,7,0
Tamaulipas,2020-03-30,8,0
Tamaulipas,2020-03-31,8,0
Tamaulipas,2020-04-01,9,0
Tamaulipas,2020-04-02,13,0
Tamaulipas,2020-04-03,16,0
Tamaulipas,2020-04-04,20,1
Tamaulipas,2020-04-05,26,1
Tamaulipas,2020-04-06,31,1
Tamaulipas,2020-04-07,32,3
Tamaulipas,2020-04-08,43,3
Tamaulipas,2020-04-09,46,3
Tamaulipas,2020-04-10,48,3
Tamaulipas,2020-04-11,49,3
Tamaulipas,2020-04-12,53,3
Tamaulipas,2020-04-13,53,3
Tamaulipas,2020-04-14,55,3
Tamaulipas,2020-04-15,60,4
Tamaulipas,2020-04-16,78,4
Tlaxcala,2020-01-23,0,0
Tlaxcala,2020-01-24,0,0
Tlaxcala,2020-01-25,0,0
Tlaxcala,2020-01-26,0,0
Tlaxcala,2020-01-27,0,0
Tlaxcala,2020-01-28,0,0
Tlaxcala,2020-01-29,0,0
Tlaxcala,2020-01-30,0,0
Tlaxcala,2020-01-31,0,0
Tlaxcala,2020-02-01,0,0
Tlaxcala,2020-02-02,0,0
Tlaxcala,2020-02-03,0,0
Tlaxcala,2020-02-04,0,0
Tlaxcala,2020-02-05,0,0
Tlaxcala,2020-02-06,0,0
Tlaxcala,2020-02-07,0,0
Tlaxcala,2020-02-08,0,0
Tlaxcala,2020-02-09,0,0
Tlaxcala,2020-02-10,0,0
Tlaxcala,2020-02-11,0,0
Tlaxcala,2020-02-12,0,0
Tlaxcala,2020-02-13,0,0
Tlaxcala,2020-02-14,0,0
Tlaxcala,2020-02-15,0,0
Tlaxcala,2020-02-16,0,0
Tlaxcala,2020-02-17,0,0
Tlaxcala,2020-02-18,0,0
Tlaxcala,2020-02-19,0,0
Tlaxcala,2020-02-20,0,0
Tlaxcala,2020-02-21,0,0
Tlaxcala,2020-02-22,0,0
Tlaxcala,2020-02-23,0,0
Tlaxcala,2020-02-24,0,0
Tlaxcala,2020-02-25,0,0
Tlaxcala,2020-02-26,0,0
Tlaxcala,2020-02-27,0,0
Tlaxcala,2020-02-28,0,0
Tlaxcala,2020-02-29,0,0
Tlaxcala,2020-03-01,0,0
Tlaxcala,2020-03-02,0,0
Tlaxcala,2020-03-03,0,0
Tlaxcala,2020-03-04,0,0
Tlaxcala,2020-03-05,0,0
Tlaxcala,2020-03-06,0,0
Tlaxcala,2020-03-07,0,0
Tlaxcala,2020-03-08,0,0
Tlaxcala,2020-03-09,0,0
Tlaxcala,2020-03-10,0,0
Tlaxcala,2020-03-11,0,0
Tlaxcala,2020-03-12,0,0
Tlaxcala,2020-03-13,0,0
Tlaxcala,2020-03-14,0,0
Tlaxcala,2020-03-15,0,0
Tlaxcala,2020-03-16,0,0
Tlaxcala,2020-03-17,0,0
Tlaxcala,2020-03-18,0,0
Tlaxcala,2020-03-19,0,0
Tlaxcala,2020-03-20,0,0
Tlaxcala,2020-03-21,0,0
Tlaxcala,2020-03-22,0,0
Tlaxcala,2020-03-23,0,0
Tlaxcala,2020-03-24,0,0
Tlaxcala,2020-03-25,1,0
Tlaxcala,2020-03-26,1,0
Tlaxcala,2020-03-27,4,0
Tlaxcala,2020-03-28,4,0
Tlaxcala,2020-03-29,4,0
Tlaxcala,2020-03-30,4,0
Tlaxcala,2020-03-31,4,0
Tlaxcala,2020-04-01,5,0
Tlaxcala,2020-04-02,5,0
Tlaxcala,2020-04-03,8,0
Tlaxcala,2020-04-04,9,0
Tlaxcala,2020-04-05,11,0
Tlaxcala,2020-04-06,14,0
Tlaxcala,2020-04-07,18,0
Tlaxcala,2020-04-08,23,0
Tlaxcala,2020-04-09,29,0
Tlaxcala,2020-04-10,34,1
Tlaxcala,2020-04-11,38,1
Tlaxcala,2020-04-12,40,2
Tlaxcala,2020-04-13,49,2
Tlaxcala,2020-04-14,51,4
Tlaxcala,2020-04-15,58,4
Tlaxcala,2020-04-16,62,4
Veracruz,2020-01-23,0,0
Veracruz,2020-01-24,0,0
Veracruz,2020-01-25,0,0
Veracruz,2020-01-26,0,0
Veracruz,2020-01-27,0,0
Veracruz,2020-01-28,0,0
Veracruz,2020-01-29,0,0
Veracruz,2020-01-30,0,0
Veracruz,2020-01-31,0,0
Veracruz,2020-02-01,0,0
Veracruz,2020-02-02,0,0
Veracruz,2020-02-03,0,0
Veracruz,2020-02-04,0,0
Veracruz,2020-02-05,0,0
Veracruz,2020-02-06,0,0
Veracruz,2020-02-07,0,0
Veracruz,2020-02-08,0,0
Veracruz,2020-02-09,0,0
Veracruz,2020-02-10,0,0
Veracruz,2020-02-11,0,0
Veracruz,2020-02-12,0,0
Veracruz,2020-02-13,0,0
Veracruz,2020-02-14,0,0
Veracruz,2020-02-15,0,0
Veracruz,2020-02-16,0,0
Veracruz,2020-02-17,0,0
Veracruz,2020-02-18,0,0
Veracruz,2020-02-19,0,0
Veracruz,2020-02-20,0,0
Veracruz,2020-02-21,0,0
Veracruz,2020-02-22,0,0
Veracruz,2020-02-23,0,0
Veracruz,2020-02-24,0,0
Veracruz,2020-02-25,0,0
Veracruz,2020-02-26,0,0
Veracruz,2020-02-27,0,0
Veracruz,2020-02-28,0,0
Veracruz,2020-02-29,0,0
Veracruz,2020-03-01,0,0
Veracruz,2020-03-02,0,0
Veracruz,2020-03-03,0,0
Veracruz,2020-03-04,0,0
Veracruz,2020-03-05,0,0
Veracruz,2020-03-06,0,0
Veracruz,2020-03-07,0,0
Veracruz,2020-03-08,0,0
Veracruz,2020-03-09,0,0
Veracruz,2020-03-10,0,0
Veracruz,2020-03-11,0,0
Veracruz,2020-03-12,0,0
Veracruz,2020-03-13,0,0
Veracruz,2020-03-14,0,0
Veracruz,2020-03-15,0,0
Veracruz,2020-03-16,0,0
Veracruz,2020-03-17,0,0
Veracruz,2020-03-18,2,0
Veracruz,2020-03-19,2,0
Veracruz,2020-03-20,4,0
Veracruz,2020-03-21,7,0
Veracruz,2020-03-22,7,0
Veracruz,2020-03-23,7,0
Veracruz,2020-03-24,7,0
Veracruz,2020-03-25,7,0
Veracruz,2020-03-26,7,0
Veracruz,2020-03-27,17,0
Veracruz,2020-03-28,23,0
Veracruz,2020-03-29,24,0
Veracruz,2020-03-30,26,1
Veracruz,2020-03-31,27,1
Veracruz,2020-04-01,28,1
Veracruz,2020-04-02,29,1
Veracruz,2020-04-03,35,2
Veracruz,2020-04-04,37,3
Veracruz,2020-04-05,40,3
Veracruz,2020-04-06,41,3
Veracruz,2020-04-07,46,3
Veracruz,2020-04-08,49,3
Veracruz,2020-04-09,54,3
Veracruz,2020-04-10,63,3
Veracruz,2020-04-11,73,3
Veracruz,2020-04-12,78,3
Veracruz,2020-04-13,82,3
Veracruz,2020-04-14,94,5
Veracruz,2020-04-15,106,6
Veracruz,2020-04-16,112,6
Yucatán,2020-01-23,0,0
Yucatán,2020-01-24,0,0
Yucatán,2020-01-25,0,0
Yucatán,2020-01-26,0,0
Yucatán,2020-01-27,0,0
Yucatán,2020-01-28,0,0
Yucatán,2020-01-29,0,0
Yucatán,2020-01-30,0,0
Yucatán,2020-01-31,0,0
Yucatán,2020-02-01,0,0
Yucatán,2020-02-02,0,0
Yucatán,2020-02-03,0,0
Yucatán,2020-02-04,0,0
Yucatán,2020-02-05,0,0
Yucatán,2020-02-06,0,0
Yucatán,2020-02-07,0,0
Yucatán,2020-02-08,0,0
Yucatán,2020-02-09,0,0
Yucatán,2020-02-10,0,0
Yucatán,2020-02-11,0,0
Yucatán,2020-02-12,0,0
Yucatán,2020-02-13,0,0
Yucatán,2020-02-14,0,0
Yucatán,2020-02-15,0,0
Yucatán,2020-02-16,0,0
Yucatán,2020-02-17,0,0
Yucatán,2020-02-18,0,0
Yucatán,2020-02-19,0,0
Yucatán,2020-02-20,0,0
Yucatán,2020-02-21,0,0
Yucatán,2020-02-22,0,0
Yucatán,2020-02-23,0,0
Yucatán,2020-02-24,0,0
Yucatán,2020-02-25,0,0
Yucatán,2020-02-26,0,0
Yucatán,2020-02-27,0,0
Yucatán,2020-02-28,0,0
Yucatán,2020-02-29,0,0
Yucatán,2020-03-01,0,0
Yucatán,2020-03-02,0,0
Yucatán,2020-03-03,0,0
Yucatán,2020-03-04,0,0
Yucatán,2020-03-05,0,0
Yucatán,2020-03-06,0,0
Yucatán,2020-03-07,0,0
Yucatán,2020-03-08,0,0
Yucatán,2020-03-09,0,0
Yucatán,2020-03-10,0,0
Yucatán,2020-03-11,0,0
Yucatán,2020-03-12,0,0
Yucatán,2020-03-13,1,0
Yucatán,2020-03-14,1,0
Yucatán,2020-03-15,1,0
Yucatán,2020-03-16,4,0
Yucatán,2020-03-17,5,0
Yucatán,2020-03-18,8,0
Yucatán,2020-03-19,13,0
Yucatán,2020-03-20,13,0
Yucatán,2020-03-21,14,0
Yucatán,2020-03-22,19,0
Yucatán,2020-03-23,19,0
Yucatán,2020-03-24,24,0
Yucatán,2020-03-25,29,0
Yucatán,2020-03-26,32,0
Yucatán,2020-03-27,36,0
Yucatán,2020-03-28,38,0
Yucatán,2020-03-29,41,0
Yucatán,2020-03-30,46,0
Yucatán,2020-03-31,49,0
Yucatán,2020-04-01,52,0
Yucatán,2020-04-02,53,0
Yucatán,2020-04-03,59,0
Yucatán,2020-04-04,62,0
Yucatán,2020-04-05,67,2
Yucatán,2020-04-06,72,2
Yucatán,2020-04-07,74,2
Yucatán,2020-04-08,74,3
Yucatán,2020-04-09,88,3
Yucatán,2020-04-10,88,4
Yucatán,2020-04-11,103,4
Yucatán,2020-04-12,107,6
Yucatán,2020-04-13,114,6
Yucatán,2020-04-14,116,7
Yucatán,2020-04-15,128,7
Yucatán,2020-04-16,131,7
Zacatecas,2020-01-23,0,0
Zacatecas,2020-01-24,0,0
Zacatecas,2020-01-25,0,0
Zacatecas,2020-01-26,0,0
Zacatecas,2020-01-27,0,0
Zacatecas,2020-01-28,0,0
Zacatecas,2020-01-29,0,0
Zacatecas,2020-01-30,0,0
Zacatecas,2020-01-31,0,0
Zacatecas,2020-02-01,0,0
Zacatecas,2020-02-02,0,0
Zacatecas,2020-02-03,0,0
Zacatecas,2020-02-04,0,0
Zacatecas,2020-02-05,0,0
Zacatecas,2020-02-06,0,0
Zacatecas,2020-02-07,0,0
Zacatecas,2020-02-08,0,0
Zacatecas,2020-02-09,0,0
Zacatecas,2020-02-10,0,0
Zacatecas,2020-02-11,0,0
Zacatecas,2020-02-12,0,0
Zacatecas,2020-02-13,0,0
Zacatecas,2020-02-14,0,0
Zacatecas,2020-02-15,0,0
Zacatecas,2020-02-16,0,0
Zacatecas,2020-02-17,0,0
Zacatecas,2020-02-18,0,0
Zacatecas,2020-02-19,0,0
Zacatecas,2020-02-20,0,0
Zacatecas,2020-02-21,0,0
Zacatecas,2020-02-22,0,0
Zacatecas,2020-02-23,0,0
Zacatecas,2020-02-24,0,0
Zacatecas,2020-02-25,0,0
Zacatecas,2020-02-26,0,0
Zacatecas,2020-02-27,0,0
Zacatecas,2020-02-28,0,0
Zacatecas,2020-02-29,0,0
Zacatecas,2020-03-01,0,0
Zacatecas,2020-03-02,0,0
Zacatecas,2020-03-03,0,0
Zacatecas,2020-03-04,0,0
Zacatecas,2020-03-05,0,0
Zacatecas,2020-03-06,0,0
Zacatecas,2020-03-07,0,0
Zacatecas,2020-03-08,0,0
Zacatecas,2020-03-09,0,0
Zacatecas,2020-03-10,0,0
Zacatecas,2020-03-11,0,0
Zacatecas,2020-03-12,0,0
Zacatecas,2020-03-13,0,0
Zacatecas,2020-03-14,0,0
Zacatecas,2020-03-15,0,0
Zacatecas,2020-03-16,0,0
Zacatecas,2020-03-17,0,0
Zacatecas,2020-03-18,0,0
Zacatecas,2020-03-19,0,0
Zacatecas,2020-03-20,0,0
Zacatecas,2020-03-21,1,0
Zacatecas,2020-03-22,2,0
Zacatecas,2020-03-23,3,0
Zacatecas,2020-03-24,3,0
Zacatecas,2020-03-25,3,0
Zacatecas,2020-03-26,4,0
Zacatecas,2020-03-27,4,0
Zacatecas,2020-03-28,4,0
Zacatecas,2020-03-29,5,0
Zacatecas,2020-03-30,6,0
Zacatecas,2020-03-31,6,0
Zacatecas,2020-04-01,6,1
Zacatecas,2020-04-02,7,1
Zacatecas,2020-04-03,7,1
Zacatecas,2020-04-04,10,2
Zacatecas,2020-04-05,10,2
Zacatecas,2020-04-06,9,2
Zacatecas,2020-04-07,10,2
Zacatecas,2020-04-08,11,2
Zacatecas,2020-04-09,11,2
Zacatecas,2020-04-10,14,2
Zacatecas,2020-04-11,14,2
Zacatecas,2020-04-12,15,2
Zacatecas,2020-04-13,16,2
Zacatecas,2020-04-14,17,2
Zacatecas,2020-04-15,18,2
Zacatecas,2020-04-16,18,2
